location,date,people_vaccinated_per_hundred,people_fully_vaccinated_per_hundred,total_vaccinations_per_hundred
Brazil,2020-01-03,,,
Brazil,2020-01-04,,,
Brazil,2020-01-05,,,
Brazil,2020-01-06,,,
Brazil,2020-01-07,,,
Brazil,2020-01-08,,,
Brazil,2020-01-09,,,
Brazil,2020-01-10,,,
Brazil,2020-01-11,,,
Brazil,2020-01-12,,,
Brazil,2020-01-13,,,
Brazil,2020-01-14,,,
Brazil,2020-01-15,,,
Brazil,2020-01-16,,,
Brazil,2020-01-17,,,
Brazil,2020-01-18,,,
Brazil,2020-01-19,,,
Brazil,2020-01-20,,,
Brazil,2020-01-21,,,
Brazil,2020-01-22,,,
Brazil,2020-01-23,,,
Brazil,2020-01-24,,,
Brazil,2020-01-25,,,
Brazil,2020-01-26,,,
Brazil,2020-01-27,,,
Brazil,2020-01-28,,,
Brazil,2020-01-29,,,
Brazil,2020-01-30,,,
Brazil,2020-01-31,,,
Brazil,2020-02-01,,,
Brazil,2020-02-02,,,
Brazil,2020-02-03,,,
Brazil,2020-02-04,,,
Brazil,2020-02-05,,,
Brazil,2020-02-06,,,
Brazil,2020-02-07,,,
Brazil,2020-02-08,,,
Brazil,2020-02-09,,,
Brazil,2020-02-10,,,
Brazil,2020-02-11,,,
Brazil,2020-02-12,,,
Brazil,2020-02-13,,,
Brazil,2020-02-14,,,
Brazil,2020-02-15,,,
Brazil,2020-02-16,,,
Brazil,2020-02-17,,,
Brazil,2020-02-18,,,
Brazil,2020-02-19,,,
Brazil,2020-02-20,,,
Brazil,2020-02-21,,,
Brazil,2020-02-22,,,
Brazil,2020-02-23,,,
Brazil,2020-02-24,,,
Brazil,2020-02-25,,,
Brazil,2020-02-26,,,
Brazil,2020-02-27,,,
Brazil,2020-02-28,,,
Brazil,2020-02-29,,,
Brazil,2020-03-01,,,
Brazil,2020-03-02,,,
Brazil,2020-03-03,,,
Brazil,2020-03-04,,,
Brazil,2020-03-05,,,
Brazil,2020-03-06,,,
Brazil,2020-03-07,,,
Brazil,2020-03-08,,,
Brazil,2020-03-09,,,
Brazil,2020-03-10,,,
Brazil,2020-03-11,,,
Brazil,2020-03-12,,,
Brazil,2020-03-13,,,
Brazil,2020-03-14,,,
Brazil,2020-03-15,,,
Brazil,2020-03-16,,,
Brazil,2020-03-17,,,
Brazil,2020-03-18,,,
Brazil,2020-03-19,,,
Brazil,2020-03-20,,,
Brazil,2020-03-21,,,
Brazil,2020-03-22,,,
Brazil,2020-03-23,,,
Brazil,2020-03-24,,,
Brazil,2020-03-25,,,
Brazil,2020-03-26,,,
Brazil,2020-03-27,,,
Brazil,2020-03-28,,,
Brazil,2020-03-29,,,
Brazil,2020-03-30,,,
Brazil,2020-03-31,,,
Brazil,2020-04-01,,,
Brazil,2020-04-02,,,
Brazil,2020-04-03,,,
Brazil,2020-04-04,,,
Brazil,2020-04-05,,,
Brazil,2020-04-06,,,
Brazil,2020-04-07,,,
Brazil,2020-04-08,,,
Brazil,2020-04-09,,,
Brazil,2020-04-10,,,
Brazil,2020-04-11,,,
Brazil,2020-04-12,,,
Brazil,2020-04-13,,,
Brazil,2020-04-14,,,
Brazil,2020-04-15,,,
Brazil,2020-04-16,,,
Brazil,2020-04-17,,,
Brazil,2020-04-18,,,
Brazil,2020-04-19,,,
Brazil,2020-04-20,,,
Brazil,2020-04-21,,,
Brazil,2020-04-22,,,
Brazil,2020-04-23,,,
Brazil,2020-04-24,,,
Brazil,2020-04-25,,,
Brazil,2020-04-26,,,
Brazil,2020-04-27,,,
Brazil,2020-04-28,,,
Brazil,2020-04-29,,,
Brazil,2020-04-30,,,
Brazil,2020-05-01,,,
Brazil,2020-05-02,,,
Brazil,2020-05-03,,,
Brazil,2020-05-04,,,
Brazil,2020-05-05,,,
Brazil,2020-05-06,,,
Brazil,2020-05-07,,,
Brazil,2020-05-08,,,
Brazil,2020-05-09,,,
Brazil,2020-05-10,,,
Brazil,2020-05-11,,,
Brazil,2020-05-12,,,
Brazil,2020-05-13,,,
Brazil,2020-05-14,,,
Brazil,2020-05-15,,,
Brazil,2020-05-16,,,
Brazil,2020-05-17,,,
Brazil,2020-05-18,,,
Brazil,2020-05-19,,,
Brazil,2020-05-20,,,
Brazil,2020-05-21,,,
Brazil,2020-05-22,,,
Brazil,2020-05-23,,,
Brazil,2020-05-24,,,
Brazil,2020-05-25,,,
Brazil,2020-05-26,,,
Brazil,2020-05-27,,,
Brazil,2020-05-28,,,
Brazil,2020-05-29,,,
Brazil,2020-05-30,,,
Brazil,2020-05-31,,,
Brazil,2020-06-01,,,
Brazil,2020-06-02,,,
Brazil,2020-06-03,,,
Brazil,2020-06-04,,,
Brazil,2020-06-05,,,
Brazil,2020-06-06,,,
Brazil,2020-06-07,,,
Brazil,2020-06-08,,,
Brazil,2020-06-09,,,
Brazil,2020-06-10,,,
Brazil,2020-06-11,,,
Brazil,2020-06-12,,,
Brazil,2020-06-13,,,
Brazil,2020-06-14,,,
Brazil,2020-06-15,,,
Brazil,2020-06-16,,,
Brazil,2020-06-17,,,
Brazil,2020-06-18,,,
Brazil,2020-06-19,,,
Brazil,2020-06-20,,,
Brazil,2020-06-21,,,
Brazil,2020-06-22,,,
Brazil,2020-06-23,,,
Brazil,2020-06-24,,,
Brazil,2020-06-25,,,
Brazil,2020-06-26,,,
Brazil,2020-06-27,,,
Brazil,2020-06-28,,,
Brazil,2020-06-29,,,
Brazil,2020-06-30,,,
Brazil,2020-07-01,,,
Brazil,2020-07-02,,,
Brazil,2020-07-03,,,
Brazil,2020-07-04,,,
Brazil,2020-07-05,,,
Brazil,2020-07-06,,,
Brazil,2020-07-07,,,
Brazil,2020-07-08,,,
Brazil,2020-07-09,,,
Brazil,2020-07-10,,,
Brazil,2020-07-11,,,
Brazil,2020-07-12,,,
Brazil,2020-07-13,,,
Brazil,2020-07-14,,,
Brazil,2020-07-15,,,
Brazil,2020-07-16,,,
Brazil,2020-07-17,,,
Brazil,2020-07-18,,,
Brazil,2020-07-19,,,
Brazil,2020-07-20,,,
Brazil,2020-07-21,,,
Brazil,2020-07-22,,,
Brazil,2020-07-23,,,
Brazil,2020-07-24,,,
Brazil,2020-07-25,,,
Brazil,2020-07-26,,,
Brazil,2020-07-27,,,
Brazil,2020-07-28,,,
Brazil,2020-07-29,,,
Brazil,2020-07-30,,,
Brazil,2020-07-31,,,
Brazil,2020-08-01,,,
Brazil,2020-08-02,,,
Brazil,2020-08-03,,,
Brazil,2020-08-04,,,
Brazil,2020-08-05,,,
Brazil,2020-08-06,,,
Brazil,2020-08-07,,,
Brazil,2020-08-08,,,
Brazil,2020-08-09,,,
Brazil,2020-08-10,,,
Brazil,2020-08-11,,,
Brazil,2020-08-12,,,
Brazil,2020-08-13,,,
Brazil,2020-08-14,,,
Brazil,2020-08-15,,,
Brazil,2020-08-16,,,
Brazil,2020-08-17,,,
Brazil,2020-08-18,,,
Brazil,2020-08-19,,,
Brazil,2020-08-20,,,
Brazil,2020-08-21,,,
Brazil,2020-08-22,,,
Brazil,2020-08-23,,,
Brazil,2020-08-24,,,
Brazil,2020-08-25,,,
Brazil,2020-08-26,,,
Brazil,2020-08-27,,,
Brazil,2020-08-28,,,
Brazil,2020-08-29,,,
Brazil,2020-08-30,,,
Brazil,2020-08-31,,,
Brazil,2020-09-01,,,
Brazil,2020-09-02,,,
Brazil,2020-09-03,,,
Brazil,2020-09-04,,,
Brazil,2020-09-05,,,
Brazil,2020-09-06,,,
Brazil,2020-09-07,,,
Brazil,2020-09-08,,,
Brazil,2020-09-09,,,
Brazil,2020-09-10,,,
Brazil,2020-09-11,,,
Brazil,2020-09-12,,,
Brazil,2020-09-13,,,
Brazil,2020-09-14,,,
Brazil,2020-09-15,,,
Brazil,2020-09-16,,,
Brazil,2020-09-17,,,
Brazil,2020-09-18,,,
Brazil,2020-09-19,,,
Brazil,2020-09-20,,,
Brazil,2020-09-21,,,
Brazil,2020-09-22,,,
Brazil,2020-09-23,,,
Brazil,2020-09-24,,,
Brazil,2020-09-25,,,
Brazil,2020-09-26,,,
Brazil,2020-09-27,,,
Brazil,2020-09-28,,,
Brazil,2020-09-29,,,
Brazil,2020-09-30,,,
Brazil,2020-10-01,,,
Brazil,2020-10-02,,,
Brazil,2020-10-03,,,
Brazil,2020-10-04,,,
Brazil,2020-10-05,,,
Brazil,2020-10-06,,,
Brazil,2020-10-07,,,
Brazil,2020-10-08,,,
Brazil,2020-10-09,,,
Brazil,2020-10-10,,,
Brazil,2020-10-11,,,
Brazil,2020-10-12,,,
Brazil,2020-10-13,,,
Brazil,2020-10-14,,,
Brazil,2020-10-15,,,
Brazil,2020-10-16,,,
Brazil,2020-10-17,,,
Brazil,2020-10-18,,,
Brazil,2020-10-19,,,
Brazil,2020-10-20,,,
Brazil,2020-10-21,,,
Brazil,2020-10-22,,,
Brazil,2020-10-23,,,
Brazil,2020-10-24,,,
Brazil,2020-10-25,,,
Brazil,2020-10-26,,,
Brazil,2020-10-27,,,
Brazil,2020-10-28,,,
Brazil,2020-10-29,,,
Brazil,2020-10-30,,,
Brazil,2020-10-31,,,
Brazil,2020-11-01,,,
Brazil,2020-11-02,,,
Brazil,2020-11-03,,,
Brazil,2020-11-04,,,
Brazil,2020-11-05,,,
Brazil,2020-11-06,,,
Brazil,2020-11-07,,,
Brazil,2020-11-08,,,
Brazil,2020-11-09,,,
Brazil,2020-11-10,,,
Brazil,2020-11-11,,,
Brazil,2020-11-12,,,
Brazil,2020-11-13,,,
Brazil,2020-11-14,,,
Brazil,2020-11-15,,,
Brazil,2020-11-16,,,
Brazil,2020-11-17,,,
Brazil,2020-11-18,,,
Brazil,2020-11-19,,,
Brazil,2020-11-20,,,
Brazil,2020-11-21,,,
Brazil,2020-11-22,,,
Brazil,2020-11-23,,,
Brazil,2020-11-24,,,
Brazil,2020-11-25,,,
Brazil,2020-11-26,,,
Brazil,2020-11-27,,,
Brazil,2020-11-28,,,
Brazil,2020-11-29,,,
Brazil,2020-11-30,,,
Brazil,2020-12-01,,,
Brazil,2020-12-02,,,
Brazil,2020-12-03,,,
Brazil,2020-12-04,,,
Brazil,2020-12-05,,,
Brazil,2020-12-06,,,
Brazil,2020-12-07,,,
Brazil,2020-12-08,,,
Brazil,2020-12-09,,,
Brazil,2020-12-10,,,
Brazil,2020-12-11,,,
Brazil,2020-12-12,,,
Brazil,2020-12-13,,,
Brazil,2020-12-14,,,
Brazil,2020-12-15,,,
Brazil,2020-12-16,,,
Brazil,2020-12-17,,,
Brazil,2020-12-18,,,
Brazil,2020-12-19,,,
Brazil,2020-12-20,,,
Brazil,2020-12-21,,,
Brazil,2020-12-22,,,
Brazil,2020-12-23,,,
Brazil,2020-12-24,,,
Brazil,2020-12-25,,,
Brazil,2020-12-26,,,
Brazil,2020-12-27,,,
Brazil,2020-12-28,,,
Brazil,2020-12-29,,,
Brazil,2020-12-30,,,
Brazil,2020-12-31,,,
Brazil,2021-01-01,,,
Brazil,2021-01-02,,,
Brazil,2021-01-03,,,
Brazil,2021-01-04,,,
Brazil,2021-01-05,,,
Brazil,2021-01-06,,,
Brazil,2021-01-07,,,
Brazil,2021-01-08,,,
Brazil,2021-01-09,,,
Brazil,2021-01-10,,,
Brazil,2021-01-11,,,
Brazil,2021-01-12,,,
Brazil,2021-01-13,,,
Brazil,2021-01-14,,,
Brazil,2021-01-15,,,
Brazil,2021-01-16,,,
Brazil,2021-01-17,0.0,,0.0
Brazil,2021-01-18,0.0,,0.0
Brazil,2021-01-19,0.01,,0.01
Brazil,2021-01-20,0.05,,0.05
Brazil,2021-01-21,0.09,,0.09
Brazil,2021-01-22,0.21,,0.21
Brazil,2021-01-23,0.27,,0.27
Brazil,2021-01-24,0.29,,0.29
Brazil,2021-01-25,0.37,,0.37
Brazil,2021-01-26,0.49,,0.49
Brazil,2021-01-27,0.62,,0.62
Brazil,2021-01-28,0.73,,0.73
Brazil,2021-01-29,0.89,,0.89
Brazil,2021-01-30,0.95,,0.95
Brazil,2021-01-31,0.97,,0.97
Brazil,2021-02-01,1.06,,1.06
Brazil,2021-02-02,1.17,,1.17
Brazil,2021-02-03,1.3,,1.3
Brazil,2021-02-04,1.43,,1.43
Brazil,2021-02-05,1.58,0.0,1.58
Brazil,2021-02-06,1.64,0.01,1.65
Brazil,2021-02-07,1.66,0.01,1.67
Brazil,2021-02-08,1.76,0.02,1.77
Brazil,2021-02-09,1.89,0.02,1.91
Brazil,2021-02-10,2.01,0.04,2.05
Brazil,2021-02-11,2.13,0.05,2.18
Brazil,2021-02-12,2.3,0.08,2.38
Brazil,2021-02-13,2.34,0.09,2.43
Brazil,2021-02-14,2.36,0.1,2.46
Brazil,2021-02-15,2.47,0.13,2.61
Brazil,2021-02-16,2.47,0.26,2.73
Brazil,2021-02-17,2.55,0.34,2.88
Brazil,2021-02-18,2.62,0.42,3.04
Brazil,2021-02-19,2.67,0.49,3.16
Brazil,2021-02-20,2.7,0.53,3.23
Brazil,2021-02-21,2.72,0.54,3.26
Brazil,2021-02-22,2.79,0.6,3.39
Brazil,2021-02-23,2.84,0.67,3.51
Brazil,2021-02-24,2.88,0.74,3.62
Brazil,2021-02-25,2.95,0.82,3.76
Brazil,2021-02-26,2.99,0.88,3.87
Brazil,2021-02-27,3.03,0.89,3.92
Brazil,2021-02-28,3.04,0.89,3.93
Brazil,2021-03-01,3.16,0.95,4.11
Brazil,2021-03-02,3.3,1.0,4.31
Brazil,2021-03-03,3.45,1.08,4.52
Brazil,2021-03-04,3.58,1.15,4.72
Brazil,2021-03-05,3.7,1.22,4.91
Brazil,2021-03-06,3.78,1.25,5.03
Brazil,2021-03-07,3.82,1.26,5.08
Brazil,2021-03-08,3.95,1.32,5.27
Brazil,2021-03-09,4.07,1.39,5.46
Brazil,2021-03-10,4.19,1.47,5.66
Brazil,2021-03-11,4.32,1.54,5.86
Brazil,2021-03-12,4.43,1.61,6.05
Brazil,2021-03-13,4.49,1.65,6.14
Brazil,2021-03-14,4.51,1.66,6.17
Brazil,2021-03-15,4.69,1.71,6.39
Brazil,2021-03-16,4.83,1.76,6.59
Brazil,2021-03-17,4.98,1.82,6.8
Brazil,2021-03-18,5.13,1.87,7.01
Brazil,2021-03-19,5.35,1.91,7.26
Brazil,2021-03-20,5.45,1.92,7.38
Brazil,2021-03-21,5.49,1.93,7.42
Brazil,2021-03-22,5.72,1.97,7.69
Brazil,2021-03-23,5.95,2.02,7.97
Brazil,2021-03-24,6.24,2.07,8.31
Brazil,2021-03-25,6.55,2.11,8.66
Brazil,2021-03-26,6.93,2.16,9.09
Brazil,2021-03-27,7.1,2.17,9.27
Brazil,2021-03-28,7.21,2.18,9.39
Brazil,2021-03-29,7.59,2.24,9.83
Brazil,2021-03-30,7.89,2.3,10.19
Brazil,2021-03-31,8.24,2.37,10.61
Brazil,2021-04-01,8.66,2.43,11.09
Brazil,2021-04-02,8.78,2.45,11.23
Brazil,2021-04-03,8.93,2.49,11.41
Brazil,2021-04-04,9.06,2.51,11.57
Brazil,2021-04-05,9.31,2.6,11.92
Brazil,2021-04-06,9.68,2.73,12.42
Brazil,2021-04-07,10.0,2.84,12.84
Brazil,2021-04-08,10.33,2.98,13.31
Brazil,2021-04-09,10.54,3.18,13.72
Brazil,2021-04-10,10.73,3.25,13.97
Brazil,2021-04-11,10.82,3.28,14.1
Brazil,2021-04-12,11.1,3.44,14.54
Brazil,2021-04-13,11.37,3.6,14.96
Brazil,2021-04-14,11.61,3.79,15.4
Brazil,2021-04-15,11.83,3.98,15.81
Brazil,2021-04-16,11.99,4.27,16.25
Brazil,2021-04-17,12.11,4.42,16.54
Brazil,2021-04-18,12.17,4.46,16.63
Brazil,2021-04-19,12.4,4.74,17.14
Brazil,2021-04-20,12.63,4.98,17.61
Brazil,2021-04-21,12.78,5.09,17.87
Brazil,2021-04-22,12.95,5.3,18.25
Brazil,2021-04-23,13.37,5.71,19.08
Brazil,2021-04-24,13.46,5.81,19.27
Brazil,2021-04-25,13.49,5.85,19.33
Brazil,2021-04-26,13.75,6.12,19.87
Brazil,2021-04-27,14.06,6.51,20.57
Brazil,2021-04-28,14.28,6.8,21.08
Brazil,2021-04-29,14.51,7.05,21.56
Brazil,2021-04-30,14.72,7.29,22.01
Brazil,2021-05-01,14.78,7.35,22.14
Brazil,2021-05-02,14.81,7.37,22.18
Brazil,2021-05-03,15.02,7.57,22.59
Brazil,2021-05-04,15.28,7.77,23.05
Brazil,2021-05-05,15.55,7.94,23.49
Brazil,2021-05-06,15.92,8.06,23.98
Brazil,2021-05-07,16.26,8.19,24.45
Brazil,2021-05-08,16.37,8.23,24.6
Brazil,2021-05-09,16.4,8.24,24.65
Brazil,2021-05-10,16.69,8.4,25.08
Brazil,2021-05-11,16.96,8.54,25.5
Brazil,2021-05-12,17.29,8.67,25.97
Brazil,2021-05-13,17.54,8.74,26.28
Brazil,2021-05-14,17.8,8.82,26.62
Brazil,2021-05-15,17.91,8.87,26.78
Brazil,2021-05-16,18.0,8.91,26.91
Brazil,2021-05-17,18.25,9.02,27.27
Brazil,2021-05-18,18.53,9.15,27.68
Brazil,2021-05-19,18.78,9.26,28.04
Brazil,2021-05-20,19.08,9.39,28.47
Brazil,2021-05-21,19.35,9.5,28.85
Brazil,2021-05-22,19.45,9.56,29.01
Brazil,2021-05-23,19.73,9.66,29.39
Brazil,2021-05-24,19.97,9.8,29.77
Brazil,2021-05-25,20.22,9.94,30.15
Brazil,2021-05-26,20.46,10.04,30.5
Brazil,2021-05-27,20.68,10.14,30.82
Brazil,2021-05-28,21.03,10.25,31.28
Brazil,2021-05-29,21.18,10.29,31.47
Brazil,2021-05-30,21.22,10.31,31.52
Brazil,2021-05-31,21.52,10.37,31.89
Brazil,2021-06-01,21.8,10.47,32.27
Brazil,2021-06-02,22.22,10.6,32.83
Brazil,2021-06-03,22.44,10.65,33.09
Brazil,2021-06-04,22.74,10.68,33.42
Brazil,2021-06-05,22.99,10.73,33.71
Brazil,2021-06-06,23.08,10.74,33.82
Brazil,2021-06-07,23.4,10.79,34.19
Brazil,2021-06-08,23.92,10.88,34.8
Brazil,2021-06-09,24.41,10.94,35.35
Brazil,2021-06-10,24.88,10.99,35.87
Brazil,2021-06-11,25.4,11.05,36.45
Brazil,2021-06-12,25.68,11.07,36.75
Brazil,2021-06-13,25.83,11.08,36.91
Brazil,2021-06-14,26.31,11.11,37.42
Brazil,2021-06-15,26.9,11.16,38.06
Brazil,2021-06-16,27.43,11.2,38.63
Brazil,2021-06-17,28.42,11.26,39.68
Brazil,2021-06-18,29.16,11.32,40.48
Brazil,2021-06-19,29.57,11.36,40.92
Brazil,2021-06-20,29.77,11.37,41.14
Brazil,2021-06-21,30.38,11.42,41.81
Brazil,2021-06-22,30.97,11.49,42.46
Brazil,2021-06-23,31.53,11.56,43.09
Brazil,2021-06-24,32.1,11.71,43.81
Brazil,2021-06-25,32.68,11.8,44.48
Brazil,2021-06-26,33.02,11.85,44.84
Brazil,2021-06-27,33.12,11.88,44.95
Brazil,2021-06-28,33.59,12.01,45.48
Brazil,2021-06-29,34.34,12.24,46.36
Brazil,2021-06-30,34.88,12.37,46.99
Brazil,2021-07-01,35.43,12.52,47.63
Brazil,2021-07-02,36.03,12.66,48.32
Brazil,2021-07-03,36.32,12.73,48.65
Brazil,2021-07-04,36.46,12.77,48.81
Brazil,2021-07-05,37.08,12.94,49.55
Brazil,2021-07-06,37.69,13.15,50.27
Brazil,2021-07-07,38.39,13.44,51.08
Brazil,2021-07-08,38.99,13.72,51.82
Brazil,2021-07-09,39.55,13.95,52.48
Brazil,2021-07-10,39.91,14.11,52.91
Brazil,2021-07-11,40.07,14.19,53.11
Brazil,2021-07-12,40.53,14.4,53.71
Brazil,2021-07-13,41.05,14.66,54.41
Brazil,2021-07-14,41.54,14.96,55.12
Brazil,2021-07-15,42.14,15.25,55.8
Brazil,2021-07-16,42.61,15.54,56.5
Brazil,2021-07-17,42.93,15.71,56.95
Brazil,2021-07-18,43.02,15.74,57.06
Brazil,2021-07-19,43.56,15.97,57.79
Brazil,2021-07-20,44.17,16.28,58.67
Brazil,2021-07-21,44.73,16.63,59.54
Brazil,2021-07-22,45.25,17.03,60.44
Brazil,2021-07-23,45.85,17.26,61.24
Brazil,2021-07-24,46.16,17.4,61.68
Brazil,2021-07-25,46.26,17.46,61.84
Brazil,2021-07-26,46.69,17.7,62.49
Brazil,2021-07-27,47.15,18.0,63.24
Brazil,2021-07-28,47.62,18.39,64.07
Brazil,2021-07-29,48.01,18.75,64.78
Brazil,2021-07-30,48.52,19.1,65.63
Brazil,2021-07-31,48.8,19.28,66.09
Brazil,2021-08-01,48.9,19.32,66.23
Brazil,2021-08-02,49.2,19.58,66.77
Brazil,2021-08-03,49.76,19.89,67.63
Brazil,2021-08-04,50.47,20.33,68.76
Brazil,2021-08-05,50.97,20.63,69.56
Brazil,2021-08-06,51.48,20.94,70.37
Brazil,2021-08-07,51.71,21.08,70.74
Brazil,2021-08-08,51.82,21.15,70.91
Brazil,2021-08-09,52.24,21.44,71.61
Brazil,2021-08-10,52.89,21.82,72.64
Brazil,2021-08-11,53.53,22.13,73.58
Brazil,2021-08-12,54.24,22.47,74.62
Brazil,2021-08-13,54.89,22.83,75.63
Brazil,2021-08-14,55.33,23.04,76.27
Brazil,2021-08-15,55.5,23.09,76.48
Brazil,2021-08-16,56.05,23.5,77.45
Brazil,2021-08-17,56.91,24.04,78.84
Brazil,2021-08-18,57.44,24.44,79.76
Brazil,2021-08-19,58.13,24.93,80.93
Brazil,2021-08-20,58.7,25.35,81.92
Brazil,2021-08-21,59.06,25.55,82.48
Brazil,2021-08-22,59.26,25.62,82.75
Brazil,2021-08-23,59.85,26.01,83.72
Brazil,2021-08-24,60.5,26.47,84.83
Brazil,2021-08-25,61.07,26.86,85.79
Brazil,2021-08-26,61.27,27.31,86.43
Brazil,2021-08-27,61.74,27.75,87.34
Brazil,2021-08-28,62.05,28.06,87.95
Brazil,2021-08-29,62.21,28.18,88.23
Brazil,2021-08-30,62.6,28.51,88.95
Brazil,2021-08-31,63.22,29.12,90.18
Brazil,2021-09-01,63.66,29.61,91.11
Brazil,2021-09-02,64.05,30.14,92.03
Brazil,2021-09-03,64.4,30.7,92.92
Brazil,2021-09-04,64.58,31.01,93.41
Brazil,2021-09-05,64.65,31.11,93.59
Brazil,2021-09-06,65.01,31.44,94.29
Brazil,2021-09-07,65.12,31.59,94.55
Brazil,2021-09-08,65.4,32.11,95.35
Brazil,2021-09-09,65.75,32.79,96.38
Brazil,2021-09-10,66.13,33.52,97.49
Brazil,2021-09-11,66.32,33.93,98.1
Brazil,2021-09-12,66.41,34.07,98.33
Brazil,2021-09-13,66.62,34.55,99.02
Brazil,2021-09-14,66.93,35.21,100.01
Brazil,2021-09-15,67.23,35.76,100.89
Brazil,2021-09-16,67.45,36.22,101.59
Brazil,2021-09-17,67.81,36.94,102.67
Brazil,2021-09-18,67.98,37.27,103.18
Brazil,2021-09-19,68.07,37.38,103.38
Brazil,2021-09-20,68.24,37.74,103.93
Brazil,2021-09-21,68.49,38.3,104.77
Brazil,2021-09-22,68.72,38.85,105.57
Brazil,2021-09-23,68.97,39.42,106.4
Brazil,2021-09-24,69.2,40.0,107.24
Brazil,2021-09-25,69.38,40.31,107.74
Brazil,2021-09-26,69.46,40.46,107.98
Brazil,2021-09-27,69.61,40.79,108.57
Brazil,2021-09-28,69.84,41.38,109.43
Brazil,2021-09-29,70.08,41.92,110.22
Brazil,2021-09-30,70.33,42.46,111.09
Brazil,2021-10-01,70.55,43.08,112.02
Brazil,2021-10-02,70.67,43.4,112.51
Brazil,2021-10-03,70.72,43.51,112.69
Brazil,2021-10-04,70.84,43.81,113.2
Brazil,2021-10-05,71.03,44.24,113.92
Brazil,2021-10-06,71.2,44.75,114.74
Brazil,2021-10-07,71.38,45.23,115.56
Brazil,2021-10-08,71.53,45.73,116.35
Brazil,2021-10-09,71.61,46.01,116.82
Brazil,2021-10-10,71.66,46.22,117.11
Brazil,2021-10-11,71.79,46.48,117.58
Brazil,2021-10-12,71.85,46.59,117.76
Brazil,2021-10-13,71.89,46.85,118.17
Brazil,2021-10-14,72.23,47.5,119.25
Brazil,2021-10-15,72.46,48.08,120.22
Brazil,2021-10-16,72.6,48.45,120.83
Brazil,2021-10-17,72.65,48.59,121.07
Brazil,2021-10-18,72.71,48.87,121.6
Brazil,2021-10-19,72.87,49.4,122.41
Brazil,2021-10-20,73.07,49.97,123.36
Brazil,2021-10-21,73.14,50.25,123.83
Brazil,2021-10-22,73.23,50.62,124.45
Brazil,2021-10-23,73.29,50.82,124.77
Brazil,2021-10-24,73.38,51.06,125.14
Brazil,2021-10-25,73.51,51.81,126.26
Brazil,2021-10-26,73.67,52.29,127.13
Brazil,2021-10-27,73.8,52.78,127.92
Brazil,2021-10-28,73.93,53.23,128.68
Brazil,2021-10-29,74.04,53.67,129.43
Brazil,2021-10-30,74.09,53.83,129.7
Brazil,2021-10-31,74.12,53.93,129.89
Brazil,2021-11-01,74.14,54.01,130.02
Brazil,2021-11-02,74.16,54.06,130.13
Brazil,2021-11-03,74.21,54.35,130.61
Brazil,2021-11-04,74.34,54.77,131.28
Brazil,2021-11-05,74.47,55.38,132.22
Brazil,2021-11-06,74.51,55.57,132.54
Brazil,2021-11-07,74.64,55.69,132.8
Brazil,2021-11-08,74.76,56.14,133.54
Brazil,2021-11-09,74.86,56.54,134.2
Brazil,2021-11-10,74.97,56.96,134.89
Brazil,2021-11-11,75.1,57.4,135.63
Brazil,2021-11-12,75.12,57.78,136.2
Brazil,2021-11-13,75.15,58.0,136.52
Brazil,2021-11-14,75.2,58.11,136.7
Brazil,2021-11-15,75.23,58.27,136.98
Brazil,2021-11-16,75.25,58.48,137.3
Brazil,2021-11-17,75.36,58.97,138.06
Brazil,2021-11-18,75.42,59.28,138.61
Brazil,2021-11-19,75.5,59.62,139.21
Brazil,2021-11-20,75.56,59.84,139.6
Brazil,2021-11-21,75.62,60.01,139.88
Brazil,2021-11-22,75.68,60.3,140.41
Brazil,2021-11-23,75.75,60.62,140.96
Brazil,2021-11-24,75.8,60.94,141.5
Brazil,2021-11-25,75.86,61.17,141.89
Brazil,2021-11-26,75.96,61.49,142.46
Brazil,2021-11-27,75.99,61.62,142.68
Brazil,2021-11-28,76.02,61.72,142.85
Brazil,2021-11-29,76.03,61.78,142.96
Brazil,2021-11-30,76.13,62.19,143.74
Brazil,2021-12-01,76.24,62.53,144.33
Brazil,2021-12-02,76.3,62.85,144.88
Brazil,2021-12-03,76.38,63.37,145.68
Brazil,2021-12-04,76.42,63.55,146.04
Brazil,2021-12-05,76.44,63.58,146.12
Brazil,2021-12-06,76.45,63.79,146.54
Brazil,2021-12-07,76.5,64.05,147.08
Brazil,2021-12-08,76.54,64.21,147.45
Brazil,2021-12-09,76.59,64.52,148.06
Brazil,2021-12-10,,64.71,148.5
Brazil,2021-12-11,,64.74,148.61
Brazil,2021-12-12,,64.75,148.67
Brazil,2021-12-13,,64.92,148.96
Brazil,2021-12-14,76.6,65.09,149.36
Brazil,2021-12-15,76.7,65.44,149.97
Brazil,2021-12-16,76.76,65.57,150.4
Brazil,2021-12-17,76.82,65.68,150.75
Brazil,2021-12-18,76.82,65.71,150.85
Brazil,2021-12-19,76.83,65.71,150.87
Brazil,2021-12-20,76.85,65.81,151.22
Brazil,2021-12-21,76.89,65.91,151.56
Brazil,2021-12-22,77.02,66.13,152.13
Brazil,2021-12-23,77.05,,152.56
Brazil,2021-12-24,,,
Brazil,2021-12-25,,,
Brazil,2021-12-26,,,
Brazil,2021-12-27,77.07,66.31,152.81
Brazil,2021-12-28,77.13,66.4,153.2
Brazil,2021-12-29,77.16,66.55,153.6
Brazil,2021-12-30,77.18,66.6,153.81
Brazil,2021-12-31,77.19,66.62,153.86
Brazil,2022-01-01,77.19,66.62,153.87
Brazil,2022-01-02,77.19,66.63,153.89
Brazil,2022-01-03,77.25,66.75,154.23
Brazil,2022-01-04,77.3,66.77,154.61
Brazil,2022-01-05,77.32,66.82,154.95
Brazil,2022-01-06,,,
Brazil,2022-01-07,,,
Brazil,2022-01-08,,,
Brazil,2022-01-09,77.38,67.06,155.93
Brazil,2022-01-10,77.43,67.22,156.44
Brazil,2022-01-11,77.45,67.28,156.82
Brazil,2022-01-12,77.46,67.35,157.16
Brazil,2022-01-13,77.48,67.46,157.56
Brazil,2022-01-14,77.5,67.52,157.9
Brazil,2022-01-15,77.52,67.56,158.04
Brazil,2022-01-16,77.6,67.94,159.47
Brazil,2022-01-17,77.71,68.38,161.31
Brazil,2022-01-18,77.74,68.52,161.7
Brazil,2022-01-19,77.82,68.62,162.32
Brazil,2022-01-20,77.91,68.76,162.85
Brazil,2022-01-21,77.97,68.84,163.24
Brazil,2022-01-22,78.03,68.99,163.83
Brazil,2022-01-23,78.07,69.0,163.92
Brazil,2022-01-24,78.18,69.17,164.82
Brazil,2022-01-25,78.28,69.28,165.33
Brazil,2022-01-26,78.45,69.33,165.87
Brazil,2022-01-27,78.61,69.45,166.64
Brazil,2022-01-28,78.78,69.53,167.43
Brazil,2022-01-29,78.87,69.56,167.74
Brazil,2022-01-30,78.89,69.57,167.81
Brazil,2022-01-31,79.1,69.63,168.36
Brazil,2022-02-01,79.23,69.68,168.98
Brazil,2022-02-02,79.38,69.79,169.57
Brazil,2022-02-03,79.52,69.9,170.21
Brazil,2022-02-04,79.78,69.98,170.81
Brazil,2022-02-05,79.93,70.02,171.18
Brazil,2022-02-06,79.97,70.07,171.62
Brazil,2022-02-07,80.19,70.13,172.15
Brazil,2022-02-08,80.29,70.21,172.7
Brazil,2022-02-09,80.35,70.36,173.39
Brazil,2022-02-10,80.54,70.53,174.18
Brazil,2022-02-11,80.77,70.64,175.01
Brazil,2022-02-12,80.87,70.69,175.38
Brazil,2022-02-13,80.91,70.75,175.56
Brazil,2022-02-14,81.01,70.82,175.98
Brazil,2022-02-15,81.12,70.86,176.38
Brazil,2022-02-16,81.25,70.94,176.89
Brazil,2022-02-17,81.37,71.03,177.51
Brazil,2022-02-18,81.71,71.18,178.4
Brazil,2022-02-19,81.81,71.27,178.82
Brazil,2022-02-20,81.84,71.29,179.0
Brazil,2022-02-21,81.93,71.36,179.41
Brazil,2022-02-22,82.03,71.42,179.84
Brazil,2022-02-23,82.17,71.55,180.34
Brazil,2022-02-24,82.29,71.67,181.01
Brazil,2022-02-25,82.41,71.79,181.71
Brazil,2022-02-26,82.46,71.83,181.96
Brazil,2022-02-27,82.47,71.86,182.05
Brazil,2022-02-28,82.55,72.01,182.41
Brazil,2022-03-01,82.59,72.02,182.49
Brazil,2022-03-02,,,
Brazil,2022-03-03,82.66,72.16,183.04
Brazil,2022-03-04,82.72,72.25,183.37
Brazil,2022-03-05,82.76,72.32,183.67
Brazil,2022-03-06,82.78,72.33,183.76
Brazil,2022-03-07,82.84,72.42,184.17
Brazil,2022-03-08,82.9,72.51,184.56
Brazil,2022-03-09,82.98,72.61,185.06
Brazil,2022-03-10,83.27,73.03,186.02
Brazil,2022-03-11,83.33,73.11,186.37
Brazil,2022-03-12,83.47,73.21,186.87
Brazil,2022-03-13,83.49,73.22,186.97
Brazil,2022-03-14,83.53,73.3,187.3
Brazil,2022-03-15,83.56,73.38,187.57
Brazil,2022-03-16,83.6,73.5,188.04
Brazil,2022-03-17,83.64,73.59,188.39
Brazil,2022-03-18,83.72,73.7,188.88
Brazil,2022-03-19,83.76,73.77,189.15
Brazil,2022-03-20,83.77,73.78,189.23
Brazil,2022-03-21,83.82,73.89,189.65
Brazil,2022-03-22,83.84,73.96,189.94
Brazil,2022-03-23,83.87,74.03,190.24
Brazil,2022-03-24,83.9,74.08,190.5
Brazil,2022-03-25,83.94,74.16,190.82
Brazil,2022-03-26,83.95,74.2,190.94
Brazil,2022-03-27,83.97,74.24,191.14
Brazil,2022-03-28,84.01,74.31,191.43
Brazil,2022-03-29,84.1,74.44,192.07
Brazil,2022-03-30,84.14,74.55,192.56
Brazil,2022-03-31,84.17,74.64,192.91
Brazil,2022-04-01,,,
Brazil,2022-04-02,,,
Brazil,2022-04-03,84.22,74.78,193.5
Brazil,2022-04-04,84.24,74.83,193.74
Brazil,2022-04-05,84.27,74.91,194.17
Brazil,2022-04-06,84.32,75.0,194.59
Brazil,2022-04-07,84.34,75.07,194.91
Brazil,2022-04-08,84.37,75.15,195.26
Brazil,2022-04-09,84.38,75.18,195.46
Brazil,2022-04-10,84.39,75.2,195.54
Brazil,2022-04-11,84.41,75.28,195.82
Brazil,2022-04-12,84.44,75.35,196.16
Brazil,2022-04-13,84.45,75.39,196.37
Brazil,2022-04-14,84.48,75.47,196.73
Brazil,2022-04-15,,,
Brazil,2022-04-16,,,
Brazil,2022-04-17,84.52,75.51,196.95
Brazil,2022-04-18,84.53,75.56,197.11
Brazil,2022-04-19,84.66,75.65,197.53
Brazil,2022-04-20,84.68,75.75,197.85
Brazil,2022-04-21,84.7,75.81,198.06
Brazil,2022-04-22,,,
Brazil,2022-04-23,84.71,75.85,198.17
Brazil,2022-04-24,84.71,75.85,198.17
Brazil,2022-04-25,84.73,75.89,198.31
Brazil,2022-04-26,84.74,75.93,198.44
Brazil,2022-04-27,84.77,76.02,198.86
Brazil,2022-04-28,84.79,76.08,199.13
Brazil,2022-04-29,84.81,76.13,199.34
Brazil,2022-04-30,,,
Brazil,2022-05-01,84.82,76.16,199.53
Brazil,2022-05-02,84.84,76.22,199.71
Brazil,2022-05-03,84.86,76.27,199.91
Brazil,2022-05-04,84.89,76.35,200.15
Brazil,2022-05-05,84.9,76.38,200.3
Brazil,2022-05-06,84.92,76.43,200.57
Brazil,2022-05-07,84.93,76.44,200.65
Brazil,2022-05-08,84.93,76.45,200.7
Brazil,2022-05-09,84.94,76.47,200.8
Brazil,2022-05-10,84.95,76.5,200.93
Brazil,2022-05-11,85.02,76.65,201.58
Brazil,2022-05-12,85.05,76.69,202.04
Brazil,2022-05-13,85.05,76.71,202.12
Brazil,2022-05-14,85.05,76.71,202.14
Brazil,2022-05-15,85.06,76.71,202.14
Brazil,2022-05-16,85.06,76.72,202.18
Brazil,2022-05-17,,,
Brazil,2022-05-18,85.09,76.82,202.62
Brazil,2022-05-19,85.1,76.84,202.93
Brazil,2022-05-20,85.11,76.87,203.01
Brazil,2022-05-21,85.11,76.87,203.03
Brazil,2022-05-22,,,
Brazil,2022-05-23,,,
Brazil,2022-05-24,,,
Brazil,2022-05-25,,,
Brazil,2022-05-26,85.32,77.01,203.81
Brazil,2022-05-27,85.37,77.08,204.46
Brazil,2022-05-28,85.39,77.1,204.61
Brazil,2022-05-29,85.39,77.11,204.65
Brazil,2022-05-30,85.4,77.13,204.77
Brazil,2022-05-31,85.41,77.15,204.84
Brazil,2022-06-01,85.42,77.17,204.95
Brazil,2022-06-02,,,
Brazil,2022-06-03,85.47,77.27,205.55
Brazil,2022-06-04,85.49,77.29,205.88
Brazil,2022-06-05,85.49,77.31,205.97
Brazil,2022-06-06,85.5,77.33,206.13
Brazil,2022-06-07,85.52,77.36,206.46
Brazil,2022-06-08,85.53,77.44,206.72
Brazil,2022-06-09,85.58,77.98,207.49
Brazil,2022-06-10,,,
Brazil,2022-06-11,85.59,78.03,207.8
Brazil,2022-06-12,85.59,78.04,207.82
Brazil,2022-06-13,85.6,78.05,207.96
Brazil,2022-06-14,85.61,78.08,208.18
Brazil,2022-06-15,85.61,78.09,208.33
Brazil,2022-06-16,85.65,78.13,208.55
Brazil,2022-06-17,85.65,78.14,208.62
Brazil,2022-06-18,85.66,78.15,208.67
Brazil,2022-06-19,85.66,78.15,208.69
Brazil,2022-06-20,85.67,78.2,208.9
Brazil,2022-06-21,85.68,78.21,209.16
Brazil,2022-06-22,85.69,78.25,209.39
Brazil,2022-06-23,85.71,78.28,209.59
Brazil,2022-06-24,85.71,78.29,209.76
Brazil,2022-06-25,85.71,78.29,209.76
Brazil,2022-06-26,85.72,78.29,209.83
Brazil,2022-06-27,85.72,78.31,210.03
Brazil,2022-06-28,,,
Brazil,2022-06-29,85.76,78.44,211.21
Brazil,2022-06-30,85.77,78.45,211.25
Brazil,2022-07-01,85.8,78.52,211.55
Brazil,2022-07-02,85.8,78.54,211.65
Brazil,2022-07-03,85.81,78.56,211.83
Brazil,2022-07-04,85.82,78.58,212.2
Brazil,2022-07-05,85.83,78.6,212.36
Brazil,2022-07-06,,,
Brazil,2022-07-07,85.86,78.65,212.73
Brazil,2022-07-08,,,
Brazil,2022-07-09,85.87,78.67,212.92
Brazil,2022-07-10,85.87,78.68,212.96
Brazil,2022-07-11,85.88,78.7,213.48
Brazil,2022-07-12,,,
Brazil,2022-07-13,85.89,78.73,213.67
Brazil,2022-07-14,85.9,78.77,214.18
Brazil,2022-07-15,,,
Brazil,2022-07-16,85.91,78.8,214.34
Brazil,2022-07-17,85.91,78.81,214.37
Brazil,2022-07-18,,,
Brazil,2022-07-19,,,
Brazil,2022-07-20,,,
Brazil,2022-07-21,,,
Brazil,2022-07-22,,,
Brazil,2022-07-23,,,
Brazil,2022-07-24,86.02,79.03,216.11
Brazil,2022-07-25,,,
Brazil,2022-07-26,,,
Brazil,2022-07-27,,,
Brazil,2022-07-28,,,
Brazil,2022-07-29,,,
Brazil,2022-07-30,,,
Brazil,2022-07-31,,,
Brazil,2022-08-01,,,
Brazil,2022-08-02,,,
Brazil,2022-08-03,,,
Brazil,2022-08-04,,,
Brazil,2022-08-05,,,
Brazil,2022-08-06,,,
Brazil,2022-08-07,,,
Brazil,2022-08-08,86.31,79.34,216.25
Brazil,2022-08-09,86.32,79.39,216.36
Brazil,2022-08-10,86.34,79.41,216.45
Brazil,2022-08-11,86.35,79.42,216.64
Brazil,2022-08-12,86.37,79.46,216.82
Brazil,2022-08-13,,,
Brazil,2022-08-14,86.38,79.47,216.89
Brazil,2022-08-15,86.39,79.49,216.95
Brazil,2022-08-16,,,
Brazil,2022-08-17,,,
Brazil,2022-08-18,86.43,79.55,217.45
Brazil,2022-08-19,86.44,79.56,217.47
Brazil,2022-08-20,86.45,79.57,217.51
Brazil,2022-08-21,86.46,79.57,217.52
Brazil,2022-08-22,86.47,79.58,217.54
Brazil,2022-08-23,86.53,79.59,217.63
Brazil,2022-08-24,86.55,79.61,217.68
Brazil,2022-08-25,86.56,79.61,217.7
Brazil,2022-08-26,86.57,79.62,217.73
Brazil,2022-08-27,86.57,79.63,217.74
Brazil,2022-08-28,86.57,79.63,217.74
Brazil,2022-08-29,86.61,79.7,218.31
Brazil,2022-08-30,86.61,79.71,218.34
Brazil,2022-08-31,86.63,79.73,218.44
Brazil,2022-09-01,86.64,79.75,218.51
Brazil,2022-09-02,86.65,79.75,218.53
Brazil,2022-09-03,86.65,79.77,218.62
Brazil,2022-09-04,86.66,79.78,218.63
Brazil,2022-09-05,86.66,79.78,218.65
Brazil,2022-09-06,86.67,79.79,218.7
Brazil,2022-09-07,86.68,79.8,218.71
Brazil,2022-09-08,86.68,79.8,218.72
Brazil,2022-09-09,86.69,79.82,218.81
Brazil,2022-09-10,86.69,79.82,218.84
Brazil,2022-09-11,86.69,79.83,218.85
Brazil,2022-09-12,86.7,79.83,218.87
Brazil,2022-09-13,86.72,79.86,218.93
Brazil,2022-09-14,86.73,79.88,219.0
Brazil,2022-09-15,86.73,79.89,219.05
Brazil,2022-09-16,86.74,79.9,219.07
Brazil,2022-09-17,86.75,79.91,219.13
Brazil,2022-09-18,86.75,79.92,219.15
Brazil,2022-09-19,86.75,79.92,219.16
Brazil,2022-09-20,86.76,79.93,219.18
Brazil,2022-09-21,86.77,79.95,219.25
Brazil,2022-09-22,,,
Brazil,2022-09-23,86.78,79.97,219.34
Brazil,2022-09-24,86.79,79.98,219.37
Brazil,2022-09-25,86.79,79.98,219.38
Brazil,2022-09-26,86.99,79.99,219.6
Brazil,2022-09-27,87.0,79.99,219.61
Brazil,2022-09-28,87.0,80.01,219.67
Brazil,2022-09-29,,,
Brazil,2022-09-30,,,
Brazil,2022-10-01,,,
Brazil,2022-10-02,,,
Brazil,2022-10-03,,,
Brazil,2022-10-04,,,
Brazil,2022-10-05,,,
Brazil,2022-10-06,,,
Brazil,2022-10-07,87.02,80.03,219.71
Brazil,2022-10-08,87.02,80.03,219.71
Brazil,2022-10-09,87.02,80.03,219.71
Brazil,2022-10-10,87.03,80.03,219.71
Brazil,2022-10-11,87.03,80.03,219.71
Brazil,2022-10-12,,,
Brazil,2022-10-13,87.03,80.03,219.72
Brazil,2022-10-14,87.03,80.03,219.72
Brazil,2022-10-15,87.03,80.03,219.72
Brazil,2022-10-16,87.03,80.03,219.72
Brazil,2022-10-17,87.03,80.03,219.72
Brazil,2022-10-18,87.03,80.04,219.73
Brazil,2022-10-19,87.03,80.04,219.73
Brazil,2022-10-20,87.03,80.04,219.73
Brazil,2022-10-21,87.03,80.04,219.73
Brazil,2022-10-22,87.03,80.04,219.73
Brazil,2022-10-23,87.03,80.04,219.73
Brazil,2022-10-24,87.03,80.04,219.73
Brazil,2022-10-25,87.03,80.04,219.73
Brazil,2022-10-26,87.03,80.04,219.73
Brazil,2022-10-27,87.03,80.04,219.73
Brazil,2022-10-28,87.03,80.04,219.73
Brazil,2022-10-29,,,
Brazil,2022-10-30,,,
Brazil,2022-10-31,87.03,80.04,219.73
Brazil,2022-11-01,87.03,80.04,219.73
Brazil,2022-11-02,87.03,80.04,219.73
Brazil,2022-11-03,,,
Brazil,2022-11-04,87.03,80.04,219.73
Brazil,2022-11-05,,,
Brazil,2022-11-06,,,
Brazil,2022-11-07,,,
Brazil,2022-11-08,,,
Brazil,2022-11-09,87.04,80.04,219.74
Brazil,2022-11-10,,,
Brazil,2022-11-11,87.04,80.05,219.74
Brazil,2022-11-12,,,
Brazil,2022-11-13,,,
Brazil,2022-11-14,87.04,80.05,219.74
Brazil,2022-11-15,,,
Brazil,2022-11-16,87.17,80.2,219.89
Brazil,2022-11-17,,,
Brazil,2022-11-18,87.17,80.2,219.89
Brazil,2022-11-19,87.17,80.2,219.89
Brazil,2022-11-20,87.17,80.2,219.89
Brazil,2022-11-21,87.17,80.2,219.89
Brazil,2022-11-22,87.17,80.2,219.89
Brazil,2022-11-23,87.17,80.2,219.89
Brazil,2022-11-24,87.17,80.2,219.89
Brazil,2022-11-25,87.17,80.2,219.89
Brazil,2022-11-26,87.17,80.2,219.89
Brazil,2022-11-27,87.17,80.2,219.89
Brazil,2022-11-28,,,
Brazil,2022-11-29,87.31,80.44,220.43
Brazil,2022-11-30,87.34,80.88,221.2
Brazil,2022-12-01,87.34,80.88,221.22
Brazil,2022-12-02,,,
Brazil,2022-12-03,87.35,80.89,221.24
Brazil,2022-12-04,87.35,80.89,221.24
Brazil,2022-12-05,87.35,80.89,221.25
Brazil,2022-12-06,,,
Brazil,2022-12-07,87.36,80.9,221.28
Brazil,2022-12-08,,,
Brazil,2022-12-09,87.37,80.9,221.29
Brazil,2022-12-10,87.37,80.91,221.3
Brazil,2022-12-11,87.37,80.91,221.3
Brazil,2022-12-12,87.37,80.91,221.32
Brazil,2022-12-13,87.38,80.91,221.33
Brazil,2022-12-14,,,
Brazil,2022-12-15,87.38,80.91,221.33
Brazil,2022-12-16,87.46,81.04,222.05
Brazil,2022-12-17,87.46,81.05,222.06
Brazil,2022-12-18,87.56,81.21,223.0
Brazil,2022-12-19,,,
Brazil,2022-12-20,87.56,81.21,223.02
Brazil,2022-12-21,,,
Brazil,2022-12-22,87.56,81.21,223.03
Brazil,2022-12-23,87.56,81.21,223.03
Brazil,2022-12-24,87.57,81.22,223.06
Brazil,2022-12-25,87.57,81.22,223.06
Brazil,2022-12-26,87.57,81.22,223.07
Brazil,2022-12-27,87.57,81.22,223.08
Brazil,2022-12-28,,,
Brazil,2022-12-29,87.57,81.22,223.08
Brazil,2022-12-30,87.57,81.22,223.09
Brazil,2022-12-31,87.57,81.22,223.09
Brazil,2023-01-01,87.57,81.22,223.09
Brazil,2023-01-02,,,
Brazil,2023-01-03,87.58,81.23,223.12
Brazil,2023-01-04,87.58,81.23,223.13
Brazil,2023-01-05,,,
Brazil,2023-01-06,87.69,81.4,223.97
Brazil,2023-01-07,87.69,81.4,224.0
Brazil,2023-01-08,87.7,81.41,224.01
Brazil,2023-01-09,87.7,81.41,224.01
Brazil,2023-01-10,87.7,81.41,224.01
Brazil,2023-01-11,87.7,81.41,224.01
Brazil,2023-01-12,87.7,81.41,224.01
Brazil,2023-01-13,87.7,81.41,224.01
Brazil,2023-01-14,87.7,81.41,224.01
Brazil,2023-01-15,87.7,81.41,224.01
Brazil,2023-01-16,87.7,81.41,224.01
Brazil,2023-01-17,87.75,81.43,224.12
Brazil,2023-01-18,87.75,81.43,224.12
Brazil,2023-01-19,87.75,81.43,224.13
Brazil,2023-01-20,,,
Brazil,2023-01-21,87.76,81.43,224.16
Brazil,2023-01-22,87.76,81.43,224.16
Brazil,2023-01-23,,,
Brazil,2023-01-24,87.76,81.44,224.17
Brazil,2023-01-25,87.8,81.51,224.55
Brazil,2023-01-26,87.8,81.51,224.56
Brazil,2023-01-27,87.8,81.51,224.6
Brazil,2023-01-28,87.8,81.51,224.6
Brazil,2023-01-29,87.8,81.51,224.6
Brazil,2023-01-30,,,
Brazil,2023-01-31,87.8,81.51,224.6
Brazil,2023-02-01,,,
Brazil,2023-02-02,87.8,81.52,224.62
Brazil,2023-02-03,87.82,81.56,224.77
Brazil,2023-02-04,87.82,81.56,224.77
Brazil,2023-02-05,87.82,81.56,224.77
Brazil,2023-02-06,,,
Brazil,2023-02-07,87.82,81.57,224.8
Brazil,2023-02-08,87.82,81.57,224.8
Brazil,2023-02-09,,,
Brazil,2023-02-10,,,
Brazil,2023-02-11,87.85,81.6,224.93
Brazil,2023-02-12,,,
Brazil,2023-02-13,87.85,81.61,224.97
Brazil,2023-02-14,87.85,81.61,224.97
Brazil,2023-02-15,87.86,81.61,224.99
Brazil,2023-02-16,87.86,81.61,224.99
Brazil,2023-02-17,87.86,81.61,225.0
Brazil,2023-02-18,,,
Brazil,2023-02-19,87.86,81.61,225.0
Brazil,2023-02-20,87.86,81.61,225.0
Brazil,2023-02-21,87.92,81.66,225.25
Brazil,2023-02-22,,,
Brazil,2023-02-23,,,
Brazil,2023-02-24,87.93,81.66,225.25
Brazil,2023-02-25,,,
Brazil,2023-02-26,87.93,81.66,225.26
Brazil,2023-02-27,,,
Brazil,2023-02-28,87.95,81.69,225.34
Brazil,2023-03-01,,,
Brazil,2023-03-02,87.96,81.69,225.35
Brazil,2023-03-03,87.96,81.69,225.37
Brazil,2023-03-04,87.96,81.69,225.37
Brazil,2023-03-05,87.96,81.69,225.37
Brazil,2023-03-06,,,
Brazil,2023-03-07,87.96,81.69,225.38
Brazil,2023-03-08,87.96,81.7,225.38
Brazil,2023-03-09,,,
Brazil,2023-03-10,87.98,81.72,225.49
Brazil,2023-03-11,88.04,81.77,225.7
Brazil,2023-03-12,,,
Brazil,2023-03-13,88.04,81.77,225.72
Brazil,2023-03-14,88.06,81.79,225.8
Brazil,2023-03-15,,,
Brazil,2023-03-16,88.06,81.79,225.83
Brazil,2023-03-17,,,
Brazil,2023-03-18,88.07,81.81,225.89
Brazil,2023-03-19,88.07,81.81,225.89
Brazil,2023-03-20,,,
Brazil,2023-03-21,88.08,81.81,225.91
Brazil,2023-03-22,88.08,81.82,225.92
Brazil,2023-03-23,,,
Brazil,2023-03-24,,,
Brazil,2023-03-25,,,
Brazil,2023-03-26,,,
Brazil,2023-03-27,,,
Brazil,2023-03-28,,,
Brazil,2023-03-29,,,
Brazil,2023-03-30,,,
Brazil,2023-03-31,,,
Brazil,2023-04-01,,,
Brazil,2023-04-02,,,
Brazil,2023-04-03,,,
Brazil,2023-04-04,,,
Brazil,2023-04-05,,,
Brazil,2023-04-06,,,
Brazil,2023-04-07,,,
Brazil,2023-04-08,,,
Brazil,2023-04-09,,,
Brazil,2023-04-10,,,
Brazil,2023-04-11,,,
Brazil,2023-04-12,,,
Brazil,2023-04-13,,,
Brazil,2023-04-14,,,
Brazil,2023-04-15,,,
Brazil,2023-04-16,,,
Brazil,2023-04-17,,,
Brazil,2023-04-18,,,
Brazil,2023-04-19,,,
Brazil,2023-04-20,,,
Brazil,2023-04-21,,,
Brazil,2023-04-22,,,
Brazil,2023-04-23,,,
Brazil,2023-04-24,,,
Brazil,2023-04-25,,,
Brazil,2023-04-26,,,
Brazil,2023-04-27,,,
Brazil,2023-04-28,,,
Brazil,2023-04-29,,,
Brazil,2023-04-30,,,
Brazil,2023-05-01,,,
Brazil,2023-05-02,,,
Brazil,2023-05-03,,,
Brazil,2023-05-04,,,
Brazil,2023-05-05,,,
Brazil,2023-05-06,,,
Brazil,2023-05-07,,,
Brazil,2023-05-08,,,
Brazil,2023-05-09,,,
Brazil,2023-05-10,,,
Brazil,2023-05-11,,,
Brazil,2023-05-12,,,
Brazil,2023-05-13,,,
Brazil,2023-05-14,,,
Brazil,2023-05-15,,,
Brazil,2023-05-16,,,
Brazil,2023-05-17,,,
Brazil,2023-05-18,,,
Brazil,2023-05-19,,,
Brazil,2023-05-20,,,
Brazil,2023-05-21,,,
Brazil,2023-05-22,,,
Brazil,2023-05-23,,,
Brazil,2023-05-24,,,
Brazil,2023-05-25,,,
Brazil,2023-05-26,,,
Brazil,2023-05-27,,,
Brazil,2023-05-28,,,
Brazil,2023-05-29,,,
Brazil,2023-05-30,,,
Brazil,2023-05-31,,,
Brazil,2023-06-01,,,
Brazil,2023-06-02,,,
Brazil,2023-06-03,,,
Brazil,2023-06-04,,,
Brazil,2023-06-05,,,
Brazil,2023-06-06,,,
Brazil,2023-06-07,,,
Brazil,2023-06-08,,,
Brazil,2023-06-09,,,
Brazil,2023-06-10,,,
Brazil,2023-06-11,,,
Brazil,2023-06-12,,,
Brazil,2023-06-13,,,
Brazil,2023-06-14,,,
Brazil,2023-06-15,,,
Brazil,2023-06-16,,,
Brazil,2023-06-17,,,
Brazil,2023-06-18,,,
Brazil,2023-06-19,,,
Brazil,2023-06-20,,,
Brazil,2023-06-21,,,
Brazil,2023-06-22,,,
Brazil,2023-06-23,,,
Brazil,2023-06-24,,,
Brazil,2023-06-25,,,
Brazil,2023-06-26,,,
Brazil,2023-06-27,,,
Brazil,2023-06-28,,,
Brazil,2023-06-29,,,
Brazil,2023-06-30,,,
Brazil,2023-07-01,,,
Brazil,2023-07-02,,,
Brazil,2023-07-03,,,
Brazil,2023-07-04,,,
Brazil,2023-07-05,,,
Brazil,2023-07-06,,,
Brazil,2023-07-07,,,
Brazil,2023-07-08,,,
Brazil,2023-07-09,,,
Brazil,2023-07-10,,,
Brazil,2023-07-11,,,
Brazil,2023-07-12,,,
Brazil,2023-07-13,,,
Brazil,2023-07-14,,,
Brazil,2023-07-15,,,
Brazil,2023-07-16,,,
Brazil,2023-07-17,,,
Brazil,2023-07-18,,,
Brazil,2023-07-19,,,
Brazil,2023-07-20,,,
Brazil,2023-07-21,,,
Brazil,2023-07-22,,,
Brazil,2023-07-23,,,
Brazil,2023-07-24,,,
Brazil,2023-07-25,,,
Brazil,2023-07-26,,,
Brazil,2023-07-27,,,
Brazil,2023-07-28,,,
Brazil,2023-07-29,,,
Brazil,2023-07-30,,,
Brazil,2023-07-31,,,
Brazil,2023-08-01,,,
Brazil,2023-08-02,,,
Brazil,2023-08-03,,,
Brazil,2023-08-04,,,
Brazil,2023-08-05,,,
Brazil,2023-08-06,,,
Brazil,2023-08-07,,,
Brazil,2023-08-08,,,
Brazil,2023-08-09,,,
Brazil,2023-08-10,,,
Brazil,2023-08-11,,,
Brazil,2023-08-12,,,
Brazil,2023-08-13,,,
Brazil,2023-08-14,,,
Brazil,2023-08-15,,,
Brazil,2023-08-16,,,
Brazil,2023-08-17,,,
Brazil,2023-08-18,,,
Brazil,2023-08-19,,,
Brazil,2023-08-20,,,
Brazil,2023-08-21,,,
Brazil,2023-08-22,,,
Brazil,2023-08-23,,,
Brazil,2023-08-24,,,
Brazil,2023-08-25,,,
Brazil,2023-08-26,,,
Brazil,2023-08-27,,,
Brazil,2023-08-28,,,
Brazil,2023-08-29,,,
Brazil,2023-08-30,,,
Brazil,2023-08-31,,,
Brazil,2023-09-01,,,
Brazil,2023-09-02,,,
Brazil,2023-09-03,,,
Brazil,2023-09-04,,,
Brazil,2023-09-05,,,
Brazil,2023-09-06,,,
Brazil,2023-09-07,,,
Brazil,2023-09-08,,,
Brazil,2023-09-09,,,
Brazil,2023-09-10,,,
Brazil,2023-09-11,,,
Brazil,2023-09-12,,,
Brazil,2023-09-13,,,
Brazil,2023-09-14,,,
Brazil,2023-09-15,,,
Brazil,2023-09-16,,,
Brazil,2023-09-17,,,
Brazil,2023-09-18,,,
Brazil,2023-09-19,,,
Brazil,2023-09-20,,,
Brazil,2023-09-21,,,
Brazil,2023-09-22,,,
Brazil,2023-09-23,,,
Brazil,2023-09-24,,,
Brazil,2023-09-25,,,
Brazil,2023-09-26,,,
Brazil,2023-09-27,,,
Brazil,2023-09-28,,,
Brazil,2023-09-29,,,
Brazil,2023-09-30,,,
Brazil,2023-10-01,,,
Brazil,2023-10-02,,,
Brazil,2023-10-03,,,
Brazil,2023-10-04,,,
Brazil,2023-10-05,,,
Brazil,2023-10-06,,,
Brazil,2023-10-07,,,
Brazil,2023-10-08,,,
Brazil,2023-10-09,,,
Brazil,2023-10-10,,,
Brazil,2023-10-11,,,
Brazil,2023-10-12,,,
Brazil,2023-10-13,,,
Brazil,2023-10-14,,,
Brazil,2023-10-15,,,
Brazil,2023-10-16,,,
Brazil,2023-10-17,,,
Brazil,2023-10-18,,,
Germany,2020-01-03,,,
Germany,2020-01-04,,,
Germany,2020-01-05,,,
Germany,2020-01-06,,,
Germany,2020-01-07,,,
Germany,2020-01-08,,,
Germany,2020-01-09,,,
Germany,2020-01-10,,,
Germany,2020-01-11,,,
Germany,2020-01-12,,,
Germany,2020-01-13,,,
Germany,2020-01-14,,,
Germany,2020-01-15,,,
Germany,2020-01-16,,,
Germany,2020-01-17,,,
Germany,2020-01-18,,,
Germany,2020-01-19,,,
Germany,2020-01-20,,,
Germany,2020-01-21,,,
Germany,2020-01-22,,,
Germany,2020-01-23,,,
Germany,2020-01-24,,,
Germany,2020-01-25,,,
Germany,2020-01-26,,,
Germany,2020-01-27,,,
Germany,2020-01-28,,,
Germany,2020-01-29,,,
Germany,2020-01-30,,,
Germany,2020-01-31,,,
Germany,2020-02-01,,,
Germany,2020-02-02,,,
Germany,2020-02-03,,,
Germany,2020-02-04,,,
Germany,2020-02-05,,,
Germany,2020-02-06,,,
Germany,2020-02-07,,,
Germany,2020-02-08,,,
Germany,2020-02-09,,,
Germany,2020-02-10,,,
Germany,2020-02-11,,,
Germany,2020-02-12,,,
Germany,2020-02-13,,,
Germany,2020-02-14,,,
Germany,2020-02-15,,,
Germany,2020-02-16,,,
Germany,2020-02-17,,,
Germany,2020-02-18,,,
Germany,2020-02-19,,,
Germany,2020-02-20,,,
Germany,2020-02-21,,,
Germany,2020-02-22,,,
Germany,2020-02-23,,,
Germany,2020-02-24,,,
Germany,2020-02-25,,,
Germany,2020-02-26,,,
Germany,2020-02-27,,,
Germany,2020-02-28,,,
Germany,2020-02-29,,,
Germany,2020-03-01,,,
Germany,2020-03-02,,,
Germany,2020-03-03,,,
Germany,2020-03-04,,,
Germany,2020-03-05,,,
Germany,2020-03-06,,,
Germany,2020-03-07,,,
Germany,2020-03-08,,,
Germany,2020-03-09,,,
Germany,2020-03-10,,,
Germany,2020-03-11,,,
Germany,2020-03-12,,,
Germany,2020-03-13,,,
Germany,2020-03-14,,,
Germany,2020-03-15,,,
Germany,2020-03-16,,,
Germany,2020-03-17,,,
Germany,2020-03-18,,,
Germany,2020-03-19,,,
Germany,2020-03-20,,,
Germany,2020-03-21,,,
Germany,2020-03-22,,,
Germany,2020-03-23,,,
Germany,2020-03-24,,,
Germany,2020-03-25,,,
Germany,2020-03-26,,,
Germany,2020-03-27,,,
Germany,2020-03-28,,,
Germany,2020-03-29,,,
Germany,2020-03-30,,,
Germany,2020-03-31,,,
Germany,2020-04-01,,,
Germany,2020-04-02,,,
Germany,2020-04-03,,,
Germany,2020-04-04,,,
Germany,2020-04-05,,,
Germany,2020-04-06,,,
Germany,2020-04-07,,,
Germany,2020-04-08,,,
Germany,2020-04-09,,,
Germany,2020-04-10,,,
Germany,2020-04-11,,,
Germany,2020-04-12,,,
Germany,2020-04-13,,,
Germany,2020-04-14,,,
Germany,2020-04-15,,,
Germany,2020-04-16,,,
Germany,2020-04-17,,,
Germany,2020-04-18,,,
Germany,2020-04-19,,,
Germany,2020-04-20,,,
Germany,2020-04-21,,,
Germany,2020-04-22,,,
Germany,2020-04-23,,,
Germany,2020-04-24,,,
Germany,2020-04-25,,,
Germany,2020-04-26,,,
Germany,2020-04-27,,,
Germany,2020-04-28,,,
Germany,2020-04-29,,,
Germany,2020-04-30,,,
Germany,2020-05-01,,,
Germany,2020-05-02,,,
Germany,2020-05-03,,,
Germany,2020-05-04,,,
Germany,2020-05-05,,,
Germany,2020-05-06,,,
Germany,2020-05-07,,,
Germany,2020-05-08,,,
Germany,2020-05-09,,,
Germany,2020-05-10,,,
Germany,2020-05-11,,,
Germany,2020-05-12,,,
Germany,2020-05-13,,,
Germany,2020-05-14,,,
Germany,2020-05-15,,,
Germany,2020-05-16,,,
Germany,2020-05-17,,,
Germany,2020-05-18,,,
Germany,2020-05-19,,,
Germany,2020-05-20,,,
Germany,2020-05-21,,,
Germany,2020-05-22,,,
Germany,2020-05-23,,,
Germany,2020-05-24,,,
Germany,2020-05-25,,,
Germany,2020-05-26,,,
Germany,2020-05-27,,,
Germany,2020-05-28,,,
Germany,2020-05-29,,,
Germany,2020-05-30,,,
Germany,2020-05-31,,,
Germany,2020-06-01,,,
Germany,2020-06-02,,,
Germany,2020-06-03,,,
Germany,2020-06-04,,,
Germany,2020-06-05,,,
Germany,2020-06-06,,,
Germany,2020-06-07,,,
Germany,2020-06-08,,,
Germany,2020-06-09,,,
Germany,2020-06-10,,,
Germany,2020-06-11,,,
Germany,2020-06-12,,,
Germany,2020-06-13,,,
Germany,2020-06-14,,,
Germany,2020-06-15,,,
Germany,2020-06-16,,,
Germany,2020-06-17,,,
Germany,2020-06-18,,,
Germany,2020-06-19,,,
Germany,2020-06-20,,,
Germany,2020-06-21,,,
Germany,2020-06-22,,,
Germany,2020-06-23,,,
Germany,2020-06-24,,,
Germany,2020-06-25,,,
Germany,2020-06-26,,,
Germany,2020-06-27,,,
Germany,2020-06-28,,,
Germany,2020-06-29,,,
Germany,2020-06-30,,,
Germany,2020-07-01,,,
Germany,2020-07-02,,,
Germany,2020-07-03,,,
Germany,2020-07-04,,,
Germany,2020-07-05,,,
Germany,2020-07-06,,,
Germany,2020-07-07,,,
Germany,2020-07-08,,,
Germany,2020-07-09,,,
Germany,2020-07-10,,,
Germany,2020-07-11,,,
Germany,2020-07-12,,,
Germany,2020-07-13,,,
Germany,2020-07-14,,,
Germany,2020-07-15,,,
Germany,2020-07-16,,,
Germany,2020-07-17,,,
Germany,2020-07-18,,,
Germany,2020-07-19,,,
Germany,2020-07-20,,,
Germany,2020-07-21,,,
Germany,2020-07-22,,,
Germany,2020-07-23,,,
Germany,2020-07-24,,,
Germany,2020-07-25,,,
Germany,2020-07-26,,,
Germany,2020-07-27,,,
Germany,2020-07-28,,,
Germany,2020-07-29,,,
Germany,2020-07-30,,,
Germany,2020-07-31,,,
Germany,2020-08-01,,,
Germany,2020-08-02,,,
Germany,2020-08-03,,,
Germany,2020-08-04,,,
Germany,2020-08-05,,,
Germany,2020-08-06,,,
Germany,2020-08-07,,,
Germany,2020-08-08,,,
Germany,2020-08-09,,,
Germany,2020-08-10,,,
Germany,2020-08-11,,,
Germany,2020-08-12,,,
Germany,2020-08-13,,,
Germany,2020-08-14,,,
Germany,2020-08-15,,,
Germany,2020-08-16,,,
Germany,2020-08-17,,,
Germany,2020-08-18,,,
Germany,2020-08-19,,,
Germany,2020-08-20,,,
Germany,2020-08-21,,,
Germany,2020-08-22,,,
Germany,2020-08-23,,,
Germany,2020-08-24,,,
Germany,2020-08-25,,,
Germany,2020-08-26,,,
Germany,2020-08-27,,,
Germany,2020-08-28,,,
Germany,2020-08-29,,,
Germany,2020-08-30,,,
Germany,2020-08-31,,,
Germany,2020-09-01,,,
Germany,2020-09-02,,,
Germany,2020-09-03,,,
Germany,2020-09-04,,,
Germany,2020-09-05,,,
Germany,2020-09-06,,,
Germany,2020-09-07,,,
Germany,2020-09-08,,,
Germany,2020-09-09,,,
Germany,2020-09-10,,,
Germany,2020-09-11,,,
Germany,2020-09-12,,,
Germany,2020-09-13,,,
Germany,2020-09-14,,,
Germany,2020-09-15,,,
Germany,2020-09-16,,,
Germany,2020-09-17,,,
Germany,2020-09-18,,,
Germany,2020-09-19,,,
Germany,2020-09-20,,,
Germany,2020-09-21,,,
Germany,2020-09-22,,,
Germany,2020-09-23,,,
Germany,2020-09-24,,,
Germany,2020-09-25,,,
Germany,2020-09-26,,,
Germany,2020-09-27,,,
Germany,2020-09-28,,,
Germany,2020-09-29,,,
Germany,2020-09-30,,,
Germany,2020-10-01,,,
Germany,2020-10-02,,,
Germany,2020-10-03,,,
Germany,2020-10-04,,,
Germany,2020-10-05,,,
Germany,2020-10-06,,,
Germany,2020-10-07,,,
Germany,2020-10-08,,,
Germany,2020-10-09,,,
Germany,2020-10-10,,,
Germany,2020-10-11,,,
Germany,2020-10-12,,,
Germany,2020-10-13,,,
Germany,2020-10-14,,,
Germany,2020-10-15,,,
Germany,2020-10-16,,,
Germany,2020-10-17,,,
Germany,2020-10-18,,,
Germany,2020-10-19,,,
Germany,2020-10-20,,,
Germany,2020-10-21,,,
Germany,2020-10-22,,,
Germany,2020-10-23,,,
Germany,2020-10-24,,,
Germany,2020-10-25,,,
Germany,2020-10-26,,,
Germany,2020-10-27,,,
Germany,2020-10-28,,,
Germany,2020-10-29,,,
Germany,2020-10-30,,,
Germany,2020-10-31,,,
Germany,2020-11-01,,,
Germany,2020-11-02,,,
Germany,2020-11-03,,,
Germany,2020-11-04,,,
Germany,2020-11-05,,,
Germany,2020-11-06,,,
Germany,2020-11-07,,,
Germany,2020-11-08,,,
Germany,2020-11-09,,,
Germany,2020-11-10,,,
Germany,2020-11-11,,,
Germany,2020-11-12,,,
Germany,2020-11-13,,,
Germany,2020-11-14,,,
Germany,2020-11-15,,,
Germany,2020-11-16,,,
Germany,2020-11-17,,,
Germany,2020-11-18,,,
Germany,2020-11-19,,,
Germany,2020-11-20,,,
Germany,2020-11-21,,,
Germany,2020-11-22,,,
Germany,2020-11-23,,,
Germany,2020-11-24,,,
Germany,2020-11-25,,,
Germany,2020-11-26,,,
Germany,2020-11-27,,,
Germany,2020-11-28,,,
Germany,2020-11-29,,,
Germany,2020-11-30,,,
Germany,2020-12-01,,,
Germany,2020-12-02,,,
Germany,2020-12-03,,,
Germany,2020-12-04,,,
Germany,2020-12-05,,,
Germany,2020-12-06,,,
Germany,2020-12-07,,,
Germany,2020-12-08,,,
Germany,2020-12-09,,,
Germany,2020-12-10,,,
Germany,2020-12-11,,,
Germany,2020-12-12,,,
Germany,2020-12-13,,,
Germany,2020-12-14,,,
Germany,2020-12-15,,,
Germany,2020-12-16,,,
Germany,2020-12-17,,,
Germany,2020-12-18,,,
Germany,2020-12-19,,,
Germany,2020-12-20,,,
Germany,2020-12-21,,,
Germany,2020-12-22,,,
Germany,2020-12-23,,,
Germany,2020-12-24,,,
Germany,2020-12-25,,,
Germany,2020-12-26,,,
Germany,2020-12-27,0.03,,0.03
Germany,2020-12-28,0.05,,0.05
Germany,2020-12-29,0.11,,0.11
Germany,2020-12-30,0.19,,0.19
Germany,2020-12-31,0.25,,0.25
Germany,2021-01-01,0.28,,0.28
Germany,2021-01-02,0.34,,0.34
Germany,2021-01-03,0.36,,0.36
Germany,2021-01-04,0.42,,0.42
Germany,2021-01-05,0.48,,0.48
Germany,2021-01-06,0.56,,0.56
Germany,2021-01-07,0.62,,0.62
Germany,2021-01-08,0.7,,0.7
Germany,2021-01-09,0.77,,0.77
Germany,2021-01-10,0.81,,0.81
Germany,2021-01-11,0.9,,0.9
Germany,2021-01-12,0.99,,0.99
Germany,2021-01-13,1.13,,1.13
Germany,2021-01-14,1.23,,1.23
Germany,2021-01-15,1.34,0.0,1.34
Germany,2021-01-16,1.41,0.0,1.41
Germany,2021-01-17,1.44,0.02,1.47
Germany,2021-01-18,1.52,0.04,1.57
Germany,2021-01-19,1.62,0.09,1.71
Germany,2021-01-20,1.72,0.15,1.87
Germany,2021-01-21,1.8,0.2,2.0
Germany,2021-01-22,1.88,0.24,2.12
Germany,2021-01-23,1.93,0.3,2.22
Germany,2021-01-24,1.96,0.32,2.28
Germany,2021-01-25,2.02,0.37,2.39
Germany,2021-01-26,2.08,0.43,2.51
Germany,2021-01-27,2.14,0.5,2.64
Germany,2021-01-28,2.2,0.55,2.75
Germany,2021-01-29,2.26,0.62,2.88
Germany,2021-01-30,2.3,0.68,2.99
Germany,2021-01-31,2.33,0.72,3.06
Germany,2021-02-01,2.4,0.8,3.2
Germany,2021-02-02,2.48,0.88,3.36
Germany,2021-02-03,2.56,1.0,3.56
Germany,2021-02-04,2.63,1.08,3.72
Germany,2021-02-05,2.72,1.18,3.89
Germany,2021-02-06,2.77,1.23,4.01
Germany,2021-02-07,2.81,1.27,4.07
Germany,2021-02-08,2.87,1.33,4.2
Germany,2021-02-09,2.94,1.42,4.36
Germany,2021-02-10,3.04,1.52,4.55
Germany,2021-02-11,3.13,1.6,4.72
Germany,2021-02-12,3.22,1.69,4.91
Germany,2021-02-13,3.3,1.74,5.04
Germany,2021-02-14,3.34,1.78,5.12
Germany,2021-02-15,3.43,1.84,5.27
Germany,2021-02-16,3.52,1.91,5.43
Germany,2021-02-17,3.64,1.98,5.62
Germany,2021-02-18,3.75,2.04,5.79
Germany,2021-02-19,3.87,2.11,5.98
Germany,2021-02-20,3.96,2.15,6.12
Germany,2021-02-21,4.03,2.19,6.22
Germany,2021-02-22,4.15,2.26,6.41
Germany,2021-02-23,4.28,2.33,6.61
Germany,2021-02-24,4.42,2.4,6.82
Germany,2021-02-25,4.58,2.47,7.05
Germany,2021-02-26,4.76,2.55,7.31
Germany,2021-02-27,4.89,2.6,7.49
Germany,2021-02-28,4.98,2.63,7.61
Germany,2021-03-01,5.16,2.69,7.85
Germany,2021-03-02,5.36,2.75,8.12
Germany,2021-03-03,5.58,2.84,8.42
Germany,2021-03-04,5.8,2.91,8.71
Germany,2021-03-05,6.05,3.0,9.04
Germany,2021-03-06,6.23,3.05,9.29
Germany,2021-03-07,6.37,3.09,9.46
Germany,2021-03-08,6.59,3.16,9.75
Germany,2021-03-09,6.83,3.22,10.05
Germany,2021-03-10,7.1,3.3,10.4
Germany,2021-03-11,7.37,3.38,10.74
Germany,2021-03-12,7.68,3.46,11.14
Germany,2021-03-13,7.91,3.52,11.43
Germany,2021-03-14,8.07,3.57,11.63
Germany,2021-03-15,8.3,3.64,11.93
Germany,2021-03-16,8.43,3.72,12.15
Germany,2021-03-17,8.58,3.82,12.39
Germany,2021-03-18,8.72,3.91,12.63
Germany,2021-03-19,8.91,4.01,12.92
Germany,2021-03-20,9.12,4.07,13.19
Germany,2021-03-21,9.27,4.12,13.39
Germany,2021-03-22,9.5,4.21,13.71
Germany,2021-03-23,9.76,4.31,14.07
Germany,2021-03-24,10.06,4.42,14.48
Germany,2021-03-25,10.36,4.52,14.88
Germany,2021-03-26,10.7,4.62,15.33
Germany,2021-03-27,10.97,4.7,15.67
Germany,2021-03-28,11.14,4.76,15.9
Germany,2021-03-29,11.4,4.87,16.27
Germany,2021-03-30,11.68,4.98,16.66
Germany,2021-03-31,11.96,5.1,17.06
Germany,2021-04-01,12.25,5.21,17.46
Germany,2021-04-02,12.44,5.29,17.73
Germany,2021-04-03,12.64,5.37,18.01
Germany,2021-04-04,12.81,5.43,18.24
Germany,2021-04-05,13.03,5.52,18.54
Germany,2021-04-06,13.38,5.63,19.01
Germany,2021-04-07,14.14,5.75,19.88
Germany,2021-04-08,14.89,5.85,20.75
Germany,2021-04-09,15.53,5.96,21.49
Germany,2021-04-10,15.9,6.04,21.94
Germany,2021-04-11,16.15,6.1,22.25
Germany,2021-04-12,16.55,6.19,22.74
Germany,2021-04-13,17.19,6.28,23.47
Germany,2021-04-14,18.06,6.38,24.44
Germany,2021-04-15,18.79,6.46,25.26
Germany,2021-04-16,19.4,6.55,25.96
Germany,2021-04-17,19.76,6.62,26.39
Germany,2021-04-18,20.04,6.67,26.71
Germany,2021-04-19,20.44,6.74,27.18
Germany,2021-04-20,21.07,6.82,27.89
Germany,2021-04-21,21.88,6.91,28.79
Germany,2021-04-22,22.57,6.99,29.56
Germany,2021-04-23,23.13,7.07,30.21
Germany,2021-04-24,23.5,7.14,30.64
Germany,2021-04-25,23.78,7.2,30.98
Germany,2021-04-26,24.21,7.29,31.5
Germany,2021-04-27,25.13,7.41,32.53
Germany,2021-04-28,26.36,7.57,33.93
Germany,2021-04-29,27.33,7.73,35.06
Germany,2021-04-30,28.09,7.9,35.98
Germany,2021-05-01,28.39,7.98,36.37
Germany,2021-05-02,28.62,8.06,36.68
Germany,2021-05-03,29.03,8.2,37.23
Germany,2021-05-04,29.91,8.4,38.31
Germany,2021-05-05,31.07,8.68,39.76
Germany,2021-05-06,32.01,8.95,40.96
Germany,2021-05-07,32.76,9.23,41.99
Germany,2021-05-08,33.07,9.41,42.48
Germany,2021-05-09,33.29,9.54,42.82
Germany,2021-05-10,33.78,9.77,43.54
Germany,2021-05-11,34.82,10.13,44.95
Germany,2021-05-12,36.14,10.57,46.71
Germany,2021-05-13,36.45,10.76,47.2
Germany,2021-05-14,37.07,11.03,48.09
Germany,2021-05-15,37.35,11.22,48.57
Germany,2021-05-16,37.54,11.36,48.9
Germany,2021-05-17,37.96,11.6,49.56
Germany,2021-05-18,38.63,12.04,50.68
Germany,2021-05-19,39.38,12.72,52.1
Germany,2021-05-20,39.96,13.33,53.28
Germany,2021-05-21,40.46,13.84,54.3
Germany,2021-05-22,40.69,14.09,54.77
Germany,2021-05-23,40.83,14.27,55.1
Germany,2021-05-24,41.0,14.48,55.48
Germany,2021-05-25,41.38,14.95,56.3
Germany,2021-05-26,42.09,15.86,57.83
Germany,2021-05-27,42.69,16.63,59.1
Germany,2021-05-28,43.21,17.26,60.17
Germany,2021-05-29,43.43,17.55,60.65
Germany,2021-05-30,43.56,17.76,60.98
Germany,2021-05-31,43.86,18.21,61.68
Germany,2021-06-01,44.46,18.94,62.91
Germany,2021-06-02,45.25,19.85,64.49
Germany,2021-06-03,45.6,20.33,65.26
Germany,2021-06-04,46.03,20.94,66.22
Germany,2021-06-05,46.19,21.32,66.72
Germany,2021-06-06,46.27,21.57,67.05
Germany,2021-06-07,46.56,22.07,67.78
Germany,2021-06-08,47.09,23.0,69.15
Germany,2021-06-09,47.78,24.23,70.96
Germany,2021-06-10,48.4,25.18,72.43
Germany,2021-06-11,48.95,25.98,73.67
Germany,2021-06-12,49.15,26.34,74.19
Germany,2021-06-13,49.23,26.58,74.51
Germany,2021-06-14,49.55,27.09,75.28
Germany,2021-06-15,50.08,28.0,76.65
Germany,2021-06-16,50.76,29.14,78.38
Germany,2021-06-17,51.34,30.03,79.77
Germany,2021-06-18,51.83,30.78,80.93
Germany,2021-06-19,52.01,31.14,81.44
Germany,2021-06-20,52.1,31.39,81.77
Germany,2021-06-21,52.38,31.89,82.52
Germany,2021-06-22,52.91,32.79,83.91
Germany,2021-06-23,53.58,33.86,85.62
Germany,2021-06-24,54.24,34.49,86.87
Germany,2021-06-25,54.74,35.11,87.94
Germany,2021-06-26,54.92,35.43,88.44
Germany,2021-06-27,55.03,35.66,88.77
Germany,2021-06-28,55.34,36.11,89.51
Germany,2021-06-29,55.87,36.81,90.72
Germany,2021-06-30,56.5,37.56,92.07
Germany,2021-07-01,57.06,38.16,93.22
Germany,2021-07-02,57.53,38.71,94.21
Germany,2021-07-03,57.73,38.97,94.66
Germany,2021-07-04,57.84,39.16,94.97
Germany,2021-07-05,58.09,39.56,95.61
Germany,2021-07-06,58.46,40.22,96.62
Germany,2021-07-07,58.89,41.08,97.9
Germany,2021-07-08,59.24,41.8,98.95
Germany,2021-07-09,59.51,42.41,99.82
Germany,2021-07-10,59.64,42.69,100.23
Germany,2021-07-11,59.72,42.88,100.49
Germany,2021-07-12,59.91,43.25,101.05
Germany,2021-07-13,60.16,44.01,102.04
Germany,2021-07-14,60.45,45.01,103.32
Germany,2021-07-15,60.69,45.72,104.26
Germany,2021-07-16,60.9,46.3,105.03
Germany,2021-07-17,61.01,46.53,105.36
Germany,2021-07-18,61.09,46.66,105.58
Germany,2021-07-19,61.21,46.99,106.02
Germany,2021-07-20,61.39,47.61,106.81
Germany,2021-07-21,61.61,48.38,107.79
Germany,2021-07-22,61.78,49.0,108.58
Germany,2021-07-23,61.93,49.5,109.22
Germany,2021-07-24,62.0,49.68,109.47
Germany,2021-07-25,62.05,49.77,109.61
Germany,2021-07-26,62.15,50.08,110.01
Germany,2021-07-27,62.29,50.66,110.73
Germany,2021-07-28,62.46,51.38,111.62
Germany,2021-07-29,62.61,51.95,112.33
Germany,2021-07-30,62.74,52.4,112.9
Germany,2021-07-31,62.81,52.55,113.13
Germany,2021-08-01,62.85,52.64,113.25
Germany,2021-08-02,62.94,52.91,113.6
Germany,2021-08-03,63.05,53.39,114.2
Germany,2021-08-04,63.19,53.99,114.94
Germany,2021-08-05,63.32,54.51,115.58
Germany,2021-08-06,63.43,54.92,116.09
Germany,2021-08-07,63.5,55.07,116.31
Germany,2021-08-08,63.53,55.17,116.44
Germany,2021-08-09,63.61,55.45,116.79
Germany,2021-08-10,63.72,55.9,117.35
Germany,2021-08-11,63.87,56.45,118.05
Germany,2021-08-12,64.02,56.89,118.63
Germany,2021-08-13,64.16,57.24,119.12
Germany,2021-08-14,64.24,57.39,119.35
Germany,2021-08-15,64.29,57.48,119.48
Germany,2021-08-16,64.39,57.7,119.8
Germany,2021-08-17,64.54,58.03,120.28
Germany,2021-08-18,64.72,58.41,120.83
Germany,2021-08-19,64.88,58.7,121.28
Germany,2021-08-20,65.03,58.93,121.65
Germany,2021-08-21,65.12,59.03,121.83
Germany,2021-08-22,65.16,59.09,121.94
Germany,2021-08-23,65.27,59.25,122.21
Germany,2021-08-24,65.43,59.48,122.6
Germany,2021-08-25,65.61,59.74,123.03
Germany,2021-08-26,65.78,59.95,123.41
Germany,2021-08-27,65.93,60.13,123.72
Germany,2021-08-28,66.01,60.21,123.89
Germany,2021-08-29,66.06,60.26,123.99
Germany,2021-08-30,66.16,60.38,124.21
Germany,2021-08-31,66.31,60.56,124.54
Germany,2021-09-01,66.48,60.77,124.93
Germany,2021-09-02,66.62,60.94,125.26
Germany,2021-09-03,66.74,61.08,125.53
Germany,2021-09-04,66.8,61.14,125.66
Germany,2021-09-05,66.83,61.18,125.73
Germany,2021-09-06,66.91,61.27,125.91
Germany,2021-09-07,67.03,61.42,126.21
Germany,2021-09-08,67.17,61.59,126.55
Germany,2021-09-09,67.3,61.76,126.88
Germany,2021-09-10,67.4,61.89,127.14
Germany,2021-09-11,67.46,61.97,127.27
Germany,2021-09-12,67.48,62.01,127.34
Germany,2021-09-13,67.56,62.11,127.54
Germany,2021-09-14,67.68,62.26,127.85
Germany,2021-09-15,67.82,62.45,128.23
Germany,2021-09-16,67.96,62.62,128.58
Germany,2021-09-17,68.06,62.76,128.86
Germany,2021-09-18,68.11,62.84,128.99
Germany,2021-09-19,68.14,62.88,129.07
Germany,2021-09-20,68.2,62.98,129.26
Germany,2021-09-21,68.31,63.14,129.58
Germany,2021-09-22,68.42,63.31,129.94
Germany,2021-09-23,68.54,63.48,130.28
Germany,2021-09-24,68.63,63.62,130.55
Germany,2021-09-25,68.67,63.69,130.67
Germany,2021-09-26,68.69,63.73,130.73
Germany,2021-09-27,68.75,63.82,130.91
Germany,2021-09-28,68.85,63.97,131.21
Germany,2021-09-29,68.94,64.12,131.53
Germany,2021-09-30,69.03,64.27,131.81
Germany,2021-10-01,69.09,64.34,131.96
Germany,2021-10-02,69.1,64.35,132.0
Germany,2021-10-03,69.11,64.36,132.01
Germany,2021-10-04,69.14,64.42,132.12
Germany,2021-10-05,69.22,64.54,132.39
Germany,2021-10-06,69.3,64.67,132.67
Germany,2021-10-07,69.39,64.81,132.95
Germany,2021-10-08,69.44,64.9,133.14
Germany,2021-10-09,69.46,64.92,133.19
Germany,2021-10-10,69.47,64.93,133.2
Germany,2021-10-11,69.51,64.98,133.32
Germany,2021-10-12,69.58,65.1,133.58
Germany,2021-10-13,69.65,65.22,133.86
Germany,2021-10-14,69.73,65.34,134.13
Germany,2021-10-15,69.78,65.42,134.32
Germany,2021-10-16,69.8,65.45,134.36
Germany,2021-10-17,69.8,65.45,134.38
Germany,2021-10-18,69.83,65.5,134.5
Germany,2021-10-19,69.9,65.61,134.75
Germany,2021-10-20,69.96,65.72,135.03
Germany,2021-10-21,70.03,65.83,135.3
Germany,2021-10-22,70.08,65.9,135.48
Germany,2021-10-23,70.09,65.92,135.52
Germany,2021-10-24,70.1,65.93,135.54
Germany,2021-10-25,70.13,65.98,135.67
Germany,2021-10-26,70.19,66.09,135.97
Germany,2021-10-27,70.26,66.2,136.3
Germany,2021-10-28,70.32,66.32,136.63
Germany,2021-10-29,70.37,66.39,136.86
Germany,2021-10-30,70.39,66.41,136.91
Germany,2021-10-31,70.39,66.41,136.93
Germany,2021-11-01,70.41,66.43,137.0
Germany,2021-11-02,70.46,66.52,137.3
Germany,2021-11-03,70.53,66.62,137.69
Germany,2021-11-04,70.6,66.73,138.09
Germany,2021-11-05,70.65,66.79,138.38
Germany,2021-11-06,70.67,66.81,138.47
Germany,2021-11-07,70.68,66.82,138.5
Germany,2021-11-08,70.71,66.86,138.71
Germany,2021-11-09,70.79,66.96,139.19
Germany,2021-11-10,70.87,67.06,139.73
Germany,2021-11-11,70.95,67.16,140.27
Germany,2021-11-12,71.02,67.23,140.69
Germany,2021-11-13,71.05,67.25,140.82
Germany,2021-11-14,71.06,67.25,140.86
Germany,2021-11-15,71.11,67.3,141.16
Germany,2021-11-16,71.19,67.39,141.8
Germany,2021-11-17,71.28,67.48,142.52
Germany,2021-11-18,71.38,67.58,143.29
Germany,2021-11-19,71.47,67.64,143.93
Germany,2021-11-20,71.53,67.67,144.22
Germany,2021-11-21,71.55,67.68,144.32
Germany,2021-11-22,71.63,67.72,144.83
Germany,2021-11-23,71.78,67.82,145.86
Germany,2021-11-24,71.95,67.93,147.08
Germany,2021-11-25,72.13,68.04,148.24
Germany,2021-11-26,72.27,68.12,149.25
Germany,2021-11-27,72.4,68.17,150.09
Germany,2021-11-28,72.43,68.18,150.3
Germany,2021-11-29,72.53,68.24,151.01
Germany,2021-11-30,72.68,68.34,152.27
Germany,2021-12-01,72.83,68.45,153.8
Germany,2021-12-02,72.97,68.56,155.23
Germany,2021-12-03,73.09,68.65,156.52
Germany,2021-12-04,73.19,68.7,157.74
Germany,2021-12-05,73.22,68.72,158.07
Germany,2021-12-06,73.3,68.78,158.97
Germany,2021-12-07,73.41,68.89,160.42
Germany,2021-12-08,73.54,69.0,162.13
Germany,2021-12-09,73.65,69.12,163.71
Germany,2021-12-10,73.74,69.22,165.18
Germany,2021-12-11,73.83,69.29,166.64
Germany,2021-12-12,73.85,69.31,167.02
Germany,2021-12-13,73.92,69.38,167.99
Germany,2021-12-14,74.02,69.52,169.61
Germany,2021-12-15,74.15,69.67,171.49
Germany,2021-12-16,74.27,69.84,173.24
Germany,2021-12-17,74.4,69.98,174.78
Germany,2021-12-18,74.53,70.07,176.14
Germany,2021-12-19,74.58,70.1,176.56
Germany,2021-12-20,74.67,70.21,177.64
Germany,2021-12-21,74.79,70.37,179.12
Germany,2021-12-22,74.91,70.52,180.59
Germany,2021-12-23,74.98,70.61,181.39
Germany,2021-12-24,74.99,70.62,181.45
Germany,2021-12-25,74.99,70.62,181.48
Germany,2021-12-26,75.0,70.63,181.56
Germany,2021-12-27,75.06,70.7,182.29
Germany,2021-12-28,75.13,70.8,183.18
Germany,2021-12-29,75.21,70.89,184.02
Germany,2021-12-30,75.27,70.95,184.61
Germany,2021-12-31,75.27,70.96,184.68
Germany,2022-01-01,75.28,70.96,184.71
Germany,2022-01-02,75.3,70.98,184.9
Germany,2022-01-03,75.34,71.05,185.48
Germany,2022-01-04,75.41,71.17,186.32
Germany,2022-01-05,75.49,71.31,187.3
Germany,2022-01-06,75.55,71.42,188.12
Germany,2022-01-07,75.62,71.56,189.04
Germany,2022-01-08,75.67,71.66,189.66
Germany,2022-01-09,75.69,71.7,189.89
Germany,2022-01-10,75.74,71.8,190.56
Germany,2022-01-11,75.8,71.95,191.51
Germany,2022-01-12,75.87,72.11,192.57
Germany,2022-01-13,75.94,72.26,193.58
Germany,2022-01-14,76.02,72.4,194.51
Germany,2022-01-15,76.09,72.49,195.07
Germany,2022-01-16,76.11,72.52,195.26
Germany,2022-01-17,76.16,72.6,195.83
Germany,2022-01-18,76.22,72.72,196.62
Germany,2022-01-19,76.29,72.85,197.44
Germany,2022-01-20,76.36,72.98,198.28
Germany,2022-01-21,76.42,73.09,198.99
Germany,2022-01-22,76.47,73.16,199.35
Germany,2022-01-23,76.49,73.2,199.48
Germany,2022-01-24,76.52,73.27,199.91
Germany,2022-01-25,76.57,73.38,200.51
Germany,2022-01-26,76.62,73.48,201.11
Germany,2022-01-27,76.67,73.6,201.73
Germany,2022-01-28,76.72,73.69,202.25
Germany,2022-01-29,76.75,73.76,202.51
Germany,2022-01-30,76.76,73.78,202.6
Germany,2022-01-31,76.79,73.84,202.88
Germany,2022-02-01,76.82,73.91,203.23
Germany,2022-02-02,76.86,73.99,203.66
Germany,2022-02-03,76.89,74.07,204.07
Germany,2022-02-04,76.92,74.16,204.45
Germany,2022-02-05,76.94,74.22,204.62
Germany,2022-02-06,76.95,74.24,204.69
Germany,2022-02-07,76.96,74.29,204.89
Germany,2022-02-08,76.99,74.36,205.22
Germany,2022-02-09,77.01,74.43,205.56
Germany,2022-02-10,77.04,74.5,205.89
Germany,2022-02-11,77.06,74.57,206.2
Germany,2022-02-12,77.07,74.62,206.33
Germany,2022-02-13,77.07,74.63,206.37
Germany,2022-02-14,77.08,74.67,206.53
Germany,2022-02-15,77.1,74.72,206.8
Germany,2022-02-16,77.12,74.78,207.07
Germany,2022-02-17,77.13,74.83,207.34
Germany,2022-02-18,77.15,74.89,207.6
Germany,2022-02-19,77.16,74.92,207.69
Germany,2022-02-20,77.16,74.93,207.73
Germany,2022-02-21,77.18,74.97,207.89
Germany,2022-02-22,77.19,75.01,208.13
Germany,2022-02-23,77.2,75.06,208.38
Germany,2022-02-24,77.22,75.1,208.64
Germany,2022-02-25,77.23,75.14,208.85
Germany,2022-02-26,77.23,75.17,208.92
Germany,2022-02-27,77.24,75.17,208.94
Germany,2022-02-28,77.25,75.19,209.07
Germany,2022-03-01,77.26,75.22,209.26
Germany,2022-03-02,77.27,75.25,209.46
Germany,2022-03-03,77.29,75.29,209.72
Germany,2022-03-04,77.3,75.32,209.91
Germany,2022-03-05,77.31,75.33,209.98
Germany,2022-03-06,77.31,75.34,210.01
Germany,2022-03-07,77.32,75.35,210.12
Germany,2022-03-08,77.33,75.38,210.32
Germany,2022-03-09,77.34,75.4,210.54
Germany,2022-03-10,77.35,75.43,210.77
Germany,2022-03-11,77.36,75.45,210.97
Germany,2022-03-12,77.37,75.46,211.03
Germany,2022-03-13,77.37,75.47,211.06
Germany,2022-03-14,77.38,75.48,211.17
Germany,2022-03-15,77.39,75.5,211.38
Germany,2022-03-16,77.39,75.51,211.6
Germany,2022-03-17,77.4,75.53,211.83
Germany,2022-03-18,77.41,75.55,212.01
Germany,2022-03-19,77.41,75.55,212.07
Germany,2022-03-20,77.42,75.56,212.09
Germany,2022-03-21,77.42,75.57,212.2
Germany,2022-03-22,77.43,75.58,212.4
Germany,2022-03-23,77.44,75.6,212.62
Germany,2022-03-24,77.44,75.62,212.84
Germany,2022-03-25,77.45,75.63,213.02
Germany,2022-03-26,77.45,75.64,213.07
Germany,2022-03-27,77.45,75.64,213.09
Germany,2022-03-28,77.46,75.65,213.21
Germany,2022-03-29,77.47,75.67,213.4
Germany,2022-03-30,77.47,75.68,213.63
Germany,2022-03-31,77.48,75.7,213.85
Germany,2022-04-01,77.48,75.71,213.99
Germany,2022-04-02,77.49,75.71,214.03
Germany,2022-04-03,77.49,75.71,214.05
Germany,2022-04-04,77.49,75.72,214.14
Germany,2022-04-05,77.49,75.73,214.32
Germany,2022-04-06,77.5,75.75,214.54
Germany,2022-04-07,77.51,75.76,214.76
Germany,2022-04-08,77.51,75.77,214.93
Germany,2022-04-09,77.51,75.77,214.97
Germany,2022-04-10,77.51,75.77,214.99
Germany,2022-04-11,77.52,75.78,215.06
Germany,2022-04-12,77.52,75.78,215.21
Germany,2022-04-13,77.52,75.79,215.36
Germany,2022-04-14,77.53,75.8,215.48
Germany,2022-04-15,77.53,75.8,215.49
Germany,2022-04-16,77.53,75.8,215.5
Germany,2022-04-17,77.53,75.8,215.5
Germany,2022-04-18,77.53,75.8,215.51
Germany,2022-04-19,77.53,75.81,215.6
Germany,2022-04-20,77.54,75.81,215.71
Germany,2022-04-21,77.54,75.82,215.83
Germany,2022-04-22,77.54,75.83,215.94
Germany,2022-04-23,77.54,75.83,215.96
Germany,2022-04-24,77.54,75.83,215.97
Germany,2022-04-25,77.55,75.84,216.03
Germany,2022-04-26,77.55,75.85,216.17
Germany,2022-04-27,77.56,75.85,216.32
Germany,2022-04-28,77.56,75.86,216.46
Germany,2022-04-29,77.57,75.87,216.59
Germany,2022-04-30,77.57,75.88,216.61
Germany,2022-05-01,77.57,75.88,216.62
Germany,2022-05-02,77.57,75.88,216.67
Germany,2022-05-03,77.57,75.89,216.78
Germany,2022-05-04,77.58,75.89,216.96
Germany,2022-05-05,77.58,75.9,217.08
Germany,2022-05-06,77.58,75.91,217.18
Germany,2022-05-07,77.58,75.91,217.19
Germany,2022-05-08,77.58,75.91,217.2
Germany,2022-05-09,77.59,75.91,217.24
Germany,2022-05-10,77.59,75.92,217.34
Germany,2022-05-11,77.59,75.92,217.44
Germany,2022-05-12,77.59,75.93,217.55
Germany,2022-05-13,77.59,75.93,217.62
Germany,2022-05-14,77.6,75.93,217.63
Germany,2022-05-15,77.6,75.93,217.64
Germany,2022-05-16,77.6,75.93,217.67
Germany,2022-05-17,77.6,75.94,217.76
Germany,2022-05-18,77.6,75.94,217.84
Germany,2022-05-19,77.6,75.95,217.93
Germany,2022-05-20,77.61,75.95,218.0
Germany,2022-05-21,77.61,75.95,218.01
Germany,2022-05-22,77.61,75.95,218.01
Germany,2022-05-23,77.61,75.96,218.05
Germany,2022-05-24,77.61,75.96,218.13
Germany,2022-05-25,77.61,75.97,218.2
Germany,2022-05-26,77.61,75.97,218.2
Germany,2022-05-27,77.61,75.97,218.23
Germany,2022-05-28,77.61,75.97,218.24
Germany,2022-05-29,77.61,75.97,218.24
Germany,2022-05-30,77.62,75.97,218.27
Germany,2022-05-31,77.62,75.98,218.33
Germany,2022-06-01,77.62,75.98,218.39
Germany,2022-06-02,77.62,75.98,218.46
Germany,2022-06-03,77.62,75.99,218.51
Germany,2022-06-04,77.62,75.99,218.52
Germany,2022-06-05,77.62,75.99,218.52
Germany,2022-06-06,77.62,75.99,218.52
Germany,2022-06-07,77.63,75.99,218.56
Germany,2022-06-08,77.63,75.99,218.61
Germany,2022-06-09,77.63,76.0,218.67
Germany,2022-06-10,77.63,76.0,218.72
Germany,2022-06-11,77.63,76.0,218.73
Germany,2022-06-12,77.63,76.0,218.73
Germany,2022-06-13,77.63,76.0,218.76
Germany,2022-06-14,77.63,76.01,218.82
Germany,2022-06-15,77.64,76.01,218.88
Germany,2022-06-16,77.64,76.01,218.91
Germany,2022-06-17,77.64,76.01,218.95
Germany,2022-06-18,77.64,76.01,218.96
Germany,2022-06-19,77.64,76.02,218.97
Germany,2022-06-20,77.64,76.02,219.0
Germany,2022-06-21,77.64,76.02,219.06
Germany,2022-06-22,77.64,76.02,219.12
Germany,2022-06-23,77.65,76.03,219.2
Germany,2022-06-24,77.65,76.03,219.26
Germany,2022-06-25,77.65,76.03,219.27
Germany,2022-06-26,77.65,76.03,219.28
Germany,2022-06-27,77.65,76.03,219.31
Germany,2022-06-28,77.65,76.04,219.37
Germany,2022-06-29,77.65,76.04,219.44
Germany,2022-06-30,77.66,76.04,219.51
Germany,2022-07-01,77.66,76.04,219.56
Germany,2022-07-02,77.66,76.04,219.57
Germany,2022-07-03,77.66,76.05,219.57
Germany,2022-07-04,77.66,76.05,219.6
Germany,2022-07-05,77.66,76.05,219.65
Germany,2022-07-06,77.66,76.05,219.72
Germany,2022-07-07,77.66,76.05,219.79
Germany,2022-07-08,77.67,76.06,219.84
Germany,2022-07-09,77.67,76.06,219.86
Germany,2022-07-10,77.67,76.06,219.86
Germany,2022-07-11,77.67,76.06,219.89
Germany,2022-07-12,77.67,76.06,219.96
Germany,2022-07-13,77.67,76.06,220.03
Germany,2022-07-14,77.67,76.07,220.11
Germany,2022-07-15,77.67,76.07,220.17
Germany,2022-07-16,77.68,76.07,220.19
Germany,2022-07-17,77.68,76.07,220.2
Germany,2022-07-18,77.68,76.07,220.23
Germany,2022-07-19,77.68,76.07,220.29
Germany,2022-07-20,77.68,76.08,220.35
Germany,2022-07-21,77.68,76.08,220.43
Germany,2022-07-22,77.68,76.08,220.49
Germany,2022-07-23,77.68,76.08,220.5
Germany,2022-07-24,77.68,76.08,220.51
Germany,2022-07-25,77.68,76.08,220.54
Germany,2022-07-26,77.69,76.09,220.6
Germany,2022-07-27,77.69,76.09,220.66
Germany,2022-07-28,77.69,76.09,220.73
Germany,2022-07-29,77.69,76.09,220.78
Germany,2022-07-30,77.69,76.09,220.79
Germany,2022-07-31,77.69,76.09,220.79
Germany,2022-08-01,77.69,76.09,220.82
Germany,2022-08-02,77.69,76.09,220.86
Germany,2022-08-03,77.69,76.1,220.91
Germany,2022-08-04,77.69,76.1,220.96
Germany,2022-08-05,77.7,76.1,221.0
Germany,2022-08-06,77.7,76.1,221.01
Germany,2022-08-07,77.7,76.1,221.02
Germany,2022-08-08,77.7,76.1,221.04
Germany,2022-08-09,77.7,76.1,221.08
Germany,2022-08-10,77.7,76.1,221.13
Germany,2022-08-11,77.7,76.11,221.18
Germany,2022-08-12,77.7,76.11,221.21
Germany,2022-08-13,77.7,76.11,221.22
Germany,2022-08-14,77.7,76.11,221.22
Germany,2022-08-15,77.7,76.11,221.24
Germany,2022-08-16,77.7,76.11,221.28
Germany,2022-08-17,77.7,76.11,221.32
Germany,2022-08-18,77.71,76.12,221.37
Germany,2022-08-19,77.71,76.12,221.41
Germany,2022-08-20,77.71,76.12,221.42
Germany,2022-08-21,77.71,76.12,221.42
Germany,2022-08-22,77.71,76.12,221.44
Germany,2022-08-23,77.71,76.12,221.48
Germany,2022-08-24,77.71,76.12,221.53
Germany,2022-08-25,77.71,76.12,221.57
Germany,2022-08-26,77.72,76.13,221.61
Germany,2022-08-27,77.72,76.13,221.62
Germany,2022-08-28,77.72,76.13,221.62
Germany,2022-08-29,77.72,76.13,221.64
Germany,2022-08-30,77.72,76.13,221.68
Germany,2022-08-31,77.72,76.13,221.72
Germany,2022-09-01,77.72,76.13,221.76
Germany,2022-09-02,77.72,76.13,221.79
Germany,2022-09-03,77.72,76.13,221.8
Germany,2022-09-04,77.72,76.13,221.8
Germany,2022-09-05,77.72,76.14,221.82
Germany,2022-09-06,77.72,76.14,221.85
Germany,2022-09-07,77.72,76.14,221.89
Germany,2022-09-08,77.73,76.14,221.92
Germany,2022-09-09,77.73,76.14,221.95
Germany,2022-09-10,77.73,76.14,221.96
Germany,2022-09-11,77.73,76.14,221.96
Germany,2022-09-12,77.73,76.14,221.98
Germany,2022-09-13,77.73,76.14,222.03
Germany,2022-09-14,77.73,76.15,222.09
Germany,2022-09-15,77.73,76.15,222.16
Germany,2022-09-16,77.73,76.15,222.21
Germany,2022-09-17,77.73,76.15,222.23
Germany,2022-09-18,77.73,76.15,222.23
Germany,2022-09-19,77.73,76.15,222.26
Germany,2022-09-20,77.73,76.15,222.33
Germany,2022-09-21,77.73,76.15,222.4
Germany,2022-09-22,77.74,76.15,222.48
Germany,2022-09-23,77.74,76.16,222.54
Germany,2022-09-24,77.74,76.16,222.55
Germany,2022-09-25,77.74,76.16,222.56
Germany,2022-09-26,77.74,76.16,222.6
Germany,2022-09-27,77.74,76.16,222.69
Germany,2022-09-28,77.74,76.16,222.8
Germany,2022-09-29,77.74,76.16,222.92
Germany,2022-09-30,77.74,76.17,223.02
Germany,2022-10-01,77.74,76.17,223.05
Germany,2022-10-02,77.74,76.17,223.06
Germany,2022-10-03,77.74,76.17,223.07
Germany,2022-10-04,77.74,76.17,223.16
Germany,2022-10-05,77.75,76.17,223.28
Germany,2022-10-06,77.75,76.17,223.43
Germany,2022-10-07,77.75,76.17,223.55
Germany,2022-10-08,77.75,76.17,223.59
Germany,2022-10-09,77.75,76.17,223.6
Germany,2022-10-10,77.75,76.17,223.67
Germany,2022-10-11,77.75,76.18,223.81
Germany,2022-10-12,77.75,76.18,223.96
Germany,2022-10-13,77.75,76.18,224.14
Germany,2022-10-14,77.76,76.18,224.29
Germany,2022-10-15,77.76,76.18,224.34
Germany,2022-10-16,77.76,76.18,224.35
Germany,2022-10-17,77.76,76.18,224.44
Germany,2022-10-18,77.76,76.18,224.6
Germany,2022-10-19,77.76,76.18,224.77
Germany,2022-10-20,77.76,76.19,224.95
Germany,2022-10-21,77.76,76.19,225.11
Germany,2022-10-22,77.76,76.19,225.15
Germany,2022-10-23,77.76,76.19,225.17
Germany,2022-10-24,77.76,76.19,225.27
Germany,2022-10-25,77.77,76.19,225.43
Germany,2022-10-26,77.77,76.19,225.57
Germany,2022-10-27,77.77,76.19,225.76
Germany,2022-10-28,77.77,76.19,225.91
Germany,2022-10-29,77.77,76.19,225.94
Germany,2022-10-30,77.77,76.19,225.95
Germany,2022-10-31,77.77,76.19,225.99
Germany,2022-11-01,77.77,76.19,226.06
Germany,2022-11-02,77.77,76.2,226.19
Germany,2022-11-03,77.77,76.2,226.37
Germany,2022-11-04,77.77,76.2,226.5
Germany,2022-11-05,77.78,76.2,226.53
Germany,2022-11-06,77.78,76.2,226.53
Germany,2022-11-07,77.78,76.2,226.61
Germany,2022-11-08,77.78,76.2,226.77
Germany,2022-11-09,77.78,76.2,226.93
Germany,2022-11-10,77.78,76.2,227.1
Germany,2022-11-11,77.78,76.2,227.23
Germany,2022-11-12,77.78,76.2,227.26
Germany,2022-11-13,77.78,76.2,227.27
Germany,2022-11-14,77.78,76.2,227.34
Germany,2022-11-15,77.78,76.21,227.47
Germany,2022-11-16,77.78,76.21,227.6
Germany,2022-11-17,77.78,76.21,227.76
Germany,2022-11-18,77.79,76.21,227.87
Germany,2022-11-19,77.79,76.21,227.9
Germany,2022-11-20,77.79,76.21,227.91
Germany,2022-11-21,77.79,76.21,227.96
Germany,2022-11-22,77.79,76.21,228.08
Germany,2022-11-23,77.79,76.21,228.19
Germany,2022-11-24,77.79,76.21,228.32
Germany,2022-11-25,77.79,76.21,228.42
Germany,2022-11-26,77.79,76.21,228.43
Germany,2022-11-27,77.79,76.21,228.44
Germany,2022-11-28,77.79,76.21,228.49
Germany,2022-11-29,77.79,76.21,228.58
Germany,2022-11-30,77.79,76.21,228.67
Germany,2022-12-01,77.79,76.22,228.78
Germany,2022-12-02,77.79,76.22,228.85
Germany,2022-12-03,77.79,76.22,228.87
Germany,2022-12-04,77.79,76.22,228.87
Germany,2022-12-05,77.79,76.22,228.91
Germany,2022-12-06,77.79,76.22,228.98
Germany,2022-12-07,77.8,76.22,229.07
Germany,2022-12-08,77.8,76.22,229.16
Germany,2022-12-09,77.8,76.22,229.22
Germany,2022-12-10,77.8,76.22,229.24
Germany,2022-12-11,77.8,76.22,229.24
Germany,2022-12-12,77.8,76.22,229.27
Germany,2022-12-13,77.8,76.22,229.34
Germany,2022-12-14,77.8,76.22,229.41
Germany,2022-12-15,77.8,76.22,229.49
Germany,2022-12-16,77.8,76.22,229.54
Germany,2022-12-17,77.8,76.22,229.55
Germany,2022-12-18,77.8,76.22,229.56
Germany,2022-12-19,77.8,76.22,229.58
Germany,2022-12-20,77.8,76.22,229.63
Germany,2022-12-21,77.8,76.22,229.67
Germany,2022-12-22,77.8,76.22,229.7
Germany,2022-12-23,77.8,76.23,229.73
Germany,2022-12-24,77.8,76.23,229.73
Germany,2022-12-25,77.8,76.23,229.73
Germany,2022-12-26,77.8,76.23,229.73
Germany,2022-12-27,77.8,76.23,229.74
Germany,2022-12-28,77.8,76.23,229.76
Germany,2022-12-29,77.8,76.23,229.78
Germany,2022-12-30,77.8,76.23,229.8
Germany,2022-12-31,77.8,76.23,229.8
Germany,2023-01-01,77.8,76.23,229.8
Germany,2023-01-02,77.8,76.23,229.81
Germany,2023-01-03,77.8,76.23,229.82
Germany,2023-01-04,77.8,76.23,229.84
Germany,2023-01-05,77.8,76.23,229.86
Germany,2023-01-06,77.8,76.23,229.87
Germany,2023-01-07,77.8,76.23,229.88
Germany,2023-01-08,77.8,76.23,229.88
Germany,2023-01-09,77.8,76.23,229.89
Germany,2023-01-10,77.8,76.23,229.92
Germany,2023-01-11,77.8,76.23,229.96
Germany,2023-01-12,77.81,76.23,229.99
Germany,2023-01-13,77.81,76.23,230.02
Germany,2023-01-14,77.81,76.23,230.03
Germany,2023-01-15,77.81,76.23,230.03
Germany,2023-01-16,77.81,76.23,230.04
Germany,2023-01-17,77.81,76.23,230.07
Germany,2023-01-18,77.81,76.23,230.09
Germany,2023-01-19,77.81,76.23,230.12
Germany,2023-01-20,77.81,76.23,230.14
Germany,2023-01-21,77.81,76.23,230.15
Germany,2023-01-22,77.81,76.23,230.15
Germany,2023-01-23,77.81,76.23,230.16
Germany,2023-01-24,77.81,76.23,230.18
Germany,2023-01-25,77.81,76.23,230.2
Germany,2023-01-26,77.81,76.23,230.22
Germany,2023-01-27,77.81,76.23,230.24
Germany,2023-01-28,77.81,76.23,230.24
Germany,2023-01-29,77.81,76.23,230.24
Germany,2023-01-30,77.81,76.23,230.25
Germany,2023-01-31,77.81,76.23,230.26
Germany,2023-02-01,77.81,76.23,230.28
Germany,2023-02-02,77.81,76.23,230.29
Germany,2023-02-03,77.81,76.23,230.3
Germany,2023-02-04,77.81,76.23,230.3
Germany,2023-02-05,77.81,76.23,230.3
Germany,2023-02-06,77.81,76.23,230.31
Germany,2023-02-07,77.81,76.23,230.32
Germany,2023-02-08,77.81,76.23,230.33
Germany,2023-02-09,77.81,76.24,230.35
Germany,2023-02-10,77.81,76.24,230.36
Germany,2023-02-11,77.81,76.24,230.36
Germany,2023-02-12,77.81,76.24,230.36
Germany,2023-02-13,77.81,76.24,230.36
Germany,2023-02-14,77.81,76.24,230.37
Germany,2023-02-15,77.81,76.24,230.38
Germany,2023-02-16,77.81,76.24,230.39
Germany,2023-02-17,77.81,76.24,230.4
Germany,2023-02-18,77.81,76.24,230.4
Germany,2023-02-19,77.81,76.24,230.4
Germany,2023-02-20,77.81,76.24,230.4
Germany,2023-02-21,77.81,76.24,230.41
Germany,2023-02-22,77.81,76.24,230.41
Germany,2023-02-23,77.81,76.24,230.42
Germany,2023-02-24,77.81,76.24,230.43
Germany,2023-02-25,77.81,76.24,230.43
Germany,2023-02-26,77.81,76.24,230.43
Germany,2023-02-27,77.81,76.24,230.43
Germany,2023-02-28,77.81,76.24,230.44
Germany,2023-03-01,77.81,76.24,230.44
Germany,2023-03-02,77.81,76.24,230.45
Germany,2023-03-03,77.81,76.24,230.46
Germany,2023-03-04,77.81,76.24,230.46
Germany,2023-03-05,77.81,76.24,230.46
Germany,2023-03-06,77.81,76.24,230.46
Germany,2023-03-07,77.81,76.24,230.47
Germany,2023-03-08,77.81,76.24,230.47
Germany,2023-03-09,77.81,76.24,230.48
Germany,2023-03-10,77.81,76.24,230.48
Germany,2023-03-11,77.81,76.24,230.48
Germany,2023-03-12,77.81,76.24,230.48
Germany,2023-03-13,77.81,76.24,230.49
Germany,2023-03-14,77.81,76.24,230.49
Germany,2023-03-15,77.81,76.24,230.49
Germany,2023-03-16,77.82,76.24,230.5
Germany,2023-03-17,77.82,76.24,230.5
Germany,2023-03-18,77.82,76.24,230.5
Germany,2023-03-19,77.82,76.24,230.51
Germany,2023-03-20,77.82,76.24,230.51
Germany,2023-03-21,77.82,76.24,230.51
Germany,2023-03-22,77.82,76.24,230.52
Germany,2023-03-23,77.82,76.24,230.52
Germany,2023-03-24,77.82,76.24,230.52
Germany,2023-03-25,77.82,76.24,230.53
Germany,2023-03-26,77.82,76.24,230.53
Germany,2023-03-27,77.82,76.24,230.53
Germany,2023-03-28,77.82,76.24,230.53
Germany,2023-03-29,77.82,76.24,230.54
Germany,2023-03-30,77.82,76.24,230.54
Germany,2023-03-31,77.82,76.24,230.55
Germany,2023-04-01,77.82,76.24,230.55
Germany,2023-04-02,77.82,76.24,230.55
Germany,2023-04-03,77.82,76.24,230.55
Germany,2023-04-04,77.82,76.24,230.56
Germany,2023-04-05,77.82,76.24,230.56
Germany,2023-04-06,77.82,76.24,230.56
Germany,2023-04-07,77.82,76.24,230.56
Germany,2023-04-08,,,
Germany,2023-04-09,,,
Germany,2023-04-10,,,
Germany,2023-04-11,,,
Germany,2023-04-12,,,
Germany,2023-04-13,,,
Germany,2023-04-14,,,
Germany,2023-04-15,,,
Germany,2023-04-16,,,
Germany,2023-04-17,,,
Germany,2023-04-18,,,
Germany,2023-04-19,,,
Germany,2023-04-20,,,
Germany,2023-04-21,,,
Germany,2023-04-22,,,
Germany,2023-04-23,,,
Germany,2023-04-24,,,
Germany,2023-04-25,,,
Germany,2023-04-26,,,
Germany,2023-04-27,,,
Germany,2023-04-28,,,
Germany,2023-04-29,,,
Germany,2023-04-30,,,
Germany,2023-05-01,,,
Germany,2023-05-02,,,
Germany,2023-05-03,,,
Germany,2023-05-04,,,
Germany,2023-05-05,,,
Germany,2023-05-06,,,
Germany,2023-05-07,,,
Germany,2023-05-08,,,
Germany,2023-05-09,,,
Germany,2023-05-10,,,
Germany,2023-05-11,,,
Germany,2023-05-12,,,
Germany,2023-05-13,,,
Germany,2023-05-14,,,
Germany,2023-05-15,,,
Germany,2023-05-16,,,
Germany,2023-05-17,,,
Germany,2023-05-18,,,
Germany,2023-05-19,,,
Germany,2023-05-20,,,
Germany,2023-05-21,,,
Germany,2023-05-22,,,
Germany,2023-05-23,,,
Germany,2023-05-24,,,
Germany,2023-05-25,,,
Germany,2023-05-26,,,
Germany,2023-05-27,,,
Germany,2023-05-28,,,
Germany,2023-05-29,,,
Germany,2023-05-30,,,
Germany,2023-05-31,,,
Germany,2023-06-01,,,
Germany,2023-06-02,,,
Germany,2023-06-03,,,
Germany,2023-06-04,,,
Germany,2023-06-05,,,
Germany,2023-06-06,,,
Germany,2023-06-07,,,
Germany,2023-06-08,,,
Germany,2023-06-09,,,
Germany,2023-06-10,,,
Germany,2023-06-11,,,
Germany,2023-06-12,,,
Germany,2023-06-13,,,
Germany,2023-06-14,,,
Germany,2023-06-15,,,
Germany,2023-06-16,,,
Germany,2023-06-17,,,
Germany,2023-06-18,,,
Germany,2023-06-19,,,
Germany,2023-06-20,,,
Germany,2023-06-21,,,
Germany,2023-06-22,,,
Germany,2023-06-23,,,
Germany,2023-06-24,,,
Germany,2023-06-25,,,
Germany,2023-06-26,,,
Germany,2023-06-27,,,
Germany,2023-06-28,,,
Germany,2023-06-29,,,
Germany,2023-06-30,,,
Germany,2023-07-01,,,
Germany,2023-07-02,,,
Germany,2023-07-03,,,
Germany,2023-07-04,,,
Germany,2023-07-05,,,
Germany,2023-07-06,,,
Germany,2023-07-07,,,
Germany,2023-07-08,,,
Germany,2023-07-09,,,
Germany,2023-07-10,,,
Germany,2023-07-11,,,
Germany,2023-07-12,,,
Germany,2023-07-13,,,
Germany,2023-07-14,,,
Germany,2023-07-15,,,
Germany,2023-07-16,,,
Germany,2023-07-17,,,
Germany,2023-07-18,,,
Germany,2023-07-19,,,
Germany,2023-07-20,,,
Germany,2023-07-21,,,
Germany,2023-07-22,,,
Germany,2023-07-23,,,
Germany,2023-07-24,,,
Germany,2023-07-25,,,
Germany,2023-07-26,,,
Germany,2023-07-27,,,
Germany,2023-07-28,,,
Germany,2023-07-29,,,
Germany,2023-07-30,,,
Germany,2023-07-31,,,
Germany,2023-08-01,,,
Germany,2023-08-02,,,
Germany,2023-08-03,,,
Germany,2023-08-04,,,
Germany,2023-08-05,,,
Germany,2023-08-06,,,
Germany,2023-08-07,,,
Germany,2023-08-08,,,
Germany,2023-08-09,,,
Germany,2023-08-10,,,
Germany,2023-08-11,,,
Germany,2023-08-12,,,
Germany,2023-08-13,,,
Germany,2023-08-14,,,
Germany,2023-08-15,,,
Germany,2023-08-16,,,
Germany,2023-08-17,,,
Germany,2023-08-18,,,
Germany,2023-08-19,,,
Germany,2023-08-20,,,
Germany,2023-08-21,,,
Germany,2023-08-22,,,
Germany,2023-08-23,,,
Germany,2023-08-24,,,
Germany,2023-08-25,,,
Germany,2023-08-26,,,
Germany,2023-08-27,,,
Germany,2023-08-28,,,
Germany,2023-08-29,,,
Germany,2023-08-30,,,
Germany,2023-08-31,,,
Germany,2023-09-01,,,
Germany,2023-09-02,,,
Germany,2023-09-03,,,
Germany,2023-09-04,,,
Germany,2023-09-05,,,
Germany,2023-09-06,,,
Germany,2023-09-07,,,
Germany,2023-09-08,,,
Germany,2023-09-09,,,
Germany,2023-09-10,,,
Germany,2023-09-11,,,
Germany,2023-09-12,,,
Germany,2023-09-13,,,
Germany,2023-09-14,,,
Germany,2023-09-15,,,
Germany,2023-09-16,,,
Germany,2023-09-17,,,
Germany,2023-09-18,,,
Germany,2023-09-19,,,
Germany,2023-09-20,,,
Germany,2023-09-21,,,
Germany,2023-09-22,,,
Germany,2023-09-23,,,
Germany,2023-09-24,,,
Germany,2023-09-25,,,
Germany,2023-09-26,,,
Germany,2023-09-27,,,
Germany,2023-09-28,,,
Germany,2023-09-29,,,
Germany,2023-09-30,,,
Germany,2023-10-01,,,
Germany,2023-10-02,,,
Germany,2023-10-03,,,
Germany,2023-10-04,,,
Germany,2023-10-05,,,
Germany,2023-10-06,,,
Germany,2023-10-07,,,
Germany,2023-10-08,,,
Germany,2023-10-09,,,
Germany,2023-10-10,,,
Germany,2023-10-11,,,
Germany,2023-10-12,,,
Germany,2023-10-13,,,
Germany,2023-10-14,,,
Germany,2023-10-15,,,
Germany,2023-10-16,,,
Germany,2023-10-17,,,
Germany,2023-10-18,,,
India,2020-01-03,,,
India,2020-01-04,,,
India,2020-01-05,,,
India,2020-01-06,,,
India,2020-01-07,,,
India,2020-01-08,,,
India,2020-01-09,,,
India,2020-01-10,,,
India,2020-01-11,,,
India,2020-01-12,,,
India,2020-01-13,,,
India,2020-01-14,,,
India,2020-01-15,,,
India,2020-01-16,,,
India,2020-01-17,,,
India,2020-01-18,,,
India,2020-01-19,,,
India,2020-01-20,,,
India,2020-01-21,,,
India,2020-01-22,,,
India,2020-01-23,,,
India,2020-01-24,,,
India,2020-01-25,,,
India,2020-01-26,,,
India,2020-01-27,,,
India,2020-01-28,,,
India,2020-01-29,,,
India,2020-01-30,,,
India,2020-01-31,,,
India,2020-02-01,,,
India,2020-02-02,,,
India,2020-02-03,,,
India,2020-02-04,,,
India,2020-02-05,,,
India,2020-02-06,,,
India,2020-02-07,,,
India,2020-02-08,,,
India,2020-02-09,,,
India,2020-02-10,,,
India,2020-02-11,,,
India,2020-02-12,,,
India,2020-02-13,,,
India,2020-02-14,,,
India,2020-02-15,,,
India,2020-02-16,,,
India,2020-02-17,,,
India,2020-02-18,,,
India,2020-02-19,,,
India,2020-02-20,,,
India,2020-02-21,,,
India,2020-02-22,,,
India,2020-02-23,,,
India,2020-02-24,,,
India,2020-02-25,,,
India,2020-02-26,,,
India,2020-02-27,,,
India,2020-02-28,,,
India,2020-02-29,,,
India,2020-03-01,,,
India,2020-03-02,,,
India,2020-03-03,,,
India,2020-03-04,,,
India,2020-03-05,,,
India,2020-03-06,,,
India,2020-03-07,,,
India,2020-03-08,,,
India,2020-03-09,,,
India,2020-03-10,,,
India,2020-03-11,,,
India,2020-03-12,,,
India,2020-03-13,,,
India,2020-03-14,,,
India,2020-03-15,,,
India,2020-03-16,,,
India,2020-03-17,,,
India,2020-03-18,,,
India,2020-03-19,,,
India,2020-03-20,,,
India,2020-03-21,,,
India,2020-03-22,,,
India,2020-03-23,,,
India,2020-03-24,,,
India,2020-03-25,,,
India,2020-03-26,,,
India,2020-03-27,,,
India,2020-03-28,,,
India,2020-03-29,,,
India,2020-03-30,,,
India,2020-03-31,,,
India,2020-04-01,,,
India,2020-04-02,,,
India,2020-04-03,,,
India,2020-04-04,,,
India,2020-04-05,,,
India,2020-04-06,,,
India,2020-04-07,,,
India,2020-04-08,,,
India,2020-04-09,,,
India,2020-04-10,,,
India,2020-04-11,,,
India,2020-04-12,,,
India,2020-04-13,,,
India,2020-04-14,,,
India,2020-04-15,,,
India,2020-04-16,,,
India,2020-04-17,,,
India,2020-04-18,,,
India,2020-04-19,,,
India,2020-04-20,,,
India,2020-04-21,,,
India,2020-04-22,,,
India,2020-04-23,,,
India,2020-04-24,,,
India,2020-04-25,,,
India,2020-04-26,,,
India,2020-04-27,,,
India,2020-04-28,,,
India,2020-04-29,,,
India,2020-04-30,,,
India,2020-05-01,,,
India,2020-05-02,,,
India,2020-05-03,,,
India,2020-05-04,,,
India,2020-05-05,,,
India,2020-05-06,,,
India,2020-05-07,,,
India,2020-05-08,,,
India,2020-05-09,,,
India,2020-05-10,,,
India,2020-05-11,,,
India,2020-05-12,,,
India,2020-05-13,,,
India,2020-05-14,,,
India,2020-05-15,,,
India,2020-05-16,,,
India,2020-05-17,,,
India,2020-05-18,,,
India,2020-05-19,,,
India,2020-05-20,,,
India,2020-05-21,,,
India,2020-05-22,,,
India,2020-05-23,,,
India,2020-05-24,,,
India,2020-05-25,,,
India,2020-05-26,,,
India,2020-05-27,,,
India,2020-05-28,,,
India,2020-05-29,,,
India,2020-05-30,,,
India,2020-05-31,,,
India,2020-06-01,,,
India,2020-06-02,,,
India,2020-06-03,,,
India,2020-06-04,,,
India,2020-06-05,,,
India,2020-06-06,,,
India,2020-06-07,,,
India,2020-06-08,,,
India,2020-06-09,,,
India,2020-06-10,,,
India,2020-06-11,,,
India,2020-06-12,,,
India,2020-06-13,,,
India,2020-06-14,,,
India,2020-06-15,,,
India,2020-06-16,,,
India,2020-06-17,,,
India,2020-06-18,,,
India,2020-06-19,,,
India,2020-06-20,,,
India,2020-06-21,,,
India,2020-06-22,,,
India,2020-06-23,,,
India,2020-06-24,,,
India,2020-06-25,,,
India,2020-06-26,,,
India,2020-06-27,,,
India,2020-06-28,,,
India,2020-06-29,,,
India,2020-06-30,,,
India,2020-07-01,,,
India,2020-07-02,,,
India,2020-07-03,,,
India,2020-07-04,,,
India,2020-07-05,,,
India,2020-07-06,,,
India,2020-07-07,,,
India,2020-07-08,,,
India,2020-07-09,,,
India,2020-07-10,,,
India,2020-07-11,,,
India,2020-07-12,,,
India,2020-07-13,,,
India,2020-07-14,,,
India,2020-07-15,,,
India,2020-07-16,,,
India,2020-07-17,,,
India,2020-07-18,,,
India,2020-07-19,,,
India,2020-07-20,,,
India,2020-07-21,,,
India,2020-07-22,,,
India,2020-07-23,,,
India,2020-07-24,,,
India,2020-07-25,,,
India,2020-07-26,,,
India,2020-07-27,,,
India,2020-07-28,,,
India,2020-07-29,,,
India,2020-07-30,,,
India,2020-07-31,,,
India,2020-08-01,,,
India,2020-08-02,,,
India,2020-08-03,,,
India,2020-08-04,,,
India,2020-08-05,,,
India,2020-08-06,,,
India,2020-08-07,,,
India,2020-08-08,,,
India,2020-08-09,,,
India,2020-08-10,,,
India,2020-08-11,,,
India,2020-08-12,,,
India,2020-08-13,,,
India,2020-08-14,,,
India,2020-08-15,,,
India,2020-08-16,,,
India,2020-08-17,,,
India,2020-08-18,,,
India,2020-08-19,,,
India,2020-08-20,,,
India,2020-08-21,,,
India,2020-08-22,,,
India,2020-08-23,,,
India,2020-08-24,,,
India,2020-08-25,,,
India,2020-08-26,,,
India,2020-08-27,,,
India,2020-08-28,,,
India,2020-08-29,,,
India,2020-08-30,,,
India,2020-08-31,,,
India,2020-09-01,,,
India,2020-09-02,,,
India,2020-09-03,,,
India,2020-09-04,,,
India,2020-09-05,,,
India,2020-09-06,,,
India,2020-09-07,,,
India,2020-09-08,,,
India,2020-09-09,,,
India,2020-09-10,,,
India,2020-09-11,,,
India,2020-09-12,,,
India,2020-09-13,,,
India,2020-09-14,,,
India,2020-09-15,,,
India,2020-09-16,,,
India,2020-09-17,,,
India,2020-09-18,,,
India,2020-09-19,,,
India,2020-09-20,,,
India,2020-09-21,,,
India,2020-09-22,,,
India,2020-09-23,,,
India,2020-09-24,,,
India,2020-09-25,,,
India,2020-09-26,,,
India,2020-09-27,,,
India,2020-09-28,,,
India,2020-09-29,,,
India,2020-09-30,,,
India,2020-10-01,,,
India,2020-10-02,,,
India,2020-10-03,,,
India,2020-10-04,,,
India,2020-10-05,,,
India,2020-10-06,,,
India,2020-10-07,,,
India,2020-10-08,,,
India,2020-10-09,,,
India,2020-10-10,,,
India,2020-10-11,,,
India,2020-10-12,,,
India,2020-10-13,,,
India,2020-10-14,,,
India,2020-10-15,,,
India,2020-10-16,,,
India,2020-10-17,,,
India,2020-10-18,,,
India,2020-10-19,,,
India,2020-10-20,,,
India,2020-10-21,,,
India,2020-10-22,,,
India,2020-10-23,,,
India,2020-10-24,,,
India,2020-10-25,,,
India,2020-10-26,,,
India,2020-10-27,,,
India,2020-10-28,,,
India,2020-10-29,,,
India,2020-10-30,,,
India,2020-10-31,,,
India,2020-11-01,,,
India,2020-11-02,,,
India,2020-11-03,,,
India,2020-11-04,,,
India,2020-11-05,,,
India,2020-11-06,,,
India,2020-11-07,,,
India,2020-11-08,,,
India,2020-11-09,,,
India,2020-11-10,,,
India,2020-11-11,,,
India,2020-11-12,,,
India,2020-11-13,,,
India,2020-11-14,,,
India,2020-11-15,,,
India,2020-11-16,,,
India,2020-11-17,,,
India,2020-11-18,,,
India,2020-11-19,,,
India,2020-11-20,,,
India,2020-11-21,,,
India,2020-11-22,,,
India,2020-11-23,,,
India,2020-11-24,,,
India,2020-11-25,,,
India,2020-11-26,,,
India,2020-11-27,,,
India,2020-11-28,,,
India,2020-11-29,,,
India,2020-11-30,,,
India,2020-12-01,,,
India,2020-12-02,,,
India,2020-12-03,,,
India,2020-12-04,,,
India,2020-12-05,,,
India,2020-12-06,,,
India,2020-12-07,,,
India,2020-12-08,,,
India,2020-12-09,,,
India,2020-12-10,,,
India,2020-12-11,,,
India,2020-12-12,,,
India,2020-12-13,,,
India,2020-12-14,,,
India,2020-12-15,,,
India,2020-12-16,,,
India,2020-12-17,,,
India,2020-12-18,,,
India,2020-12-19,,,
India,2020-12-20,,,
India,2020-12-21,,,
India,2020-12-22,,,
India,2020-12-23,,,
India,2020-12-24,,,
India,2020-12-25,,,
India,2020-12-26,,,
India,2020-12-27,,,
India,2020-12-28,,,
India,2020-12-29,,,
India,2020-12-30,,,
India,2020-12-31,,,
India,2021-01-01,,,
India,2021-01-02,,,
India,2021-01-03,,,
India,2021-01-04,,,
India,2021-01-05,,,
India,2021-01-06,,,
India,2021-01-07,,,
India,2021-01-08,,,
India,2021-01-09,,,
India,2021-01-10,,,
India,2021-01-11,,,
India,2021-01-12,,,
India,2021-01-13,,,
India,2021-01-14,,,
India,2021-01-15,0.0,,0.0
India,2021-01-16,0.01,,0.01
India,2021-01-17,0.02,,0.02
India,2021-01-18,0.03,,0.03
India,2021-01-19,0.05,,0.05
India,2021-01-20,0.06,,0.06
India,2021-01-21,0.07,,0.07
India,2021-01-22,0.1,,0.1
India,2021-01-23,0.11,,0.11
India,2021-01-24,0.11,,0.11
India,2021-01-25,0.14,,0.14
India,2021-01-26,0.14,,0.14
India,2021-01-27,0.17,,0.17
India,2021-01-28,0.21,,0.21
India,2021-01-29,0.25,,0.25
India,2021-01-30,0.26,,0.26
India,2021-01-31,0.27,,0.27
India,2021-02-01,0.28,,0.28
India,2021-02-02,0.29,,0.29
India,2021-02-03,0.31,,0.31
India,2021-02-04,0.35,,0.35
India,2021-02-05,0.38,,0.38
India,2021-02-06,0.41,,0.41
India,2021-02-07,0.41,,0.41
India,2021-02-08,0.44,,0.44
India,2021-02-09,0.47,,0.47
India,2021-02-10,0.5,,0.5
India,2021-02-11,0.53,,0.53
India,2021-02-12,0.56,,0.56
India,2021-02-13,0.57,0.0,0.57
India,2021-02-14,,,
India,2021-02-15,0.59,0.01,0.6
India,2021-02-16,0.61,0.02,0.63
India,2021-02-17,0.62,0.02,0.65
India,2021-02-18,0.66,0.03,0.69
India,2021-02-19,0.68,0.05,0.74
India,2021-02-20,0.7,0.06,0.76
India,2021-02-21,0.71,0.07,0.78
India,2021-02-22,0.73,0.08,0.81
India,2021-02-23,0.75,0.09,0.84
India,2021-02-24,0.77,0.1,0.87
India,2021-02-25,0.79,0.13,0.92
India,2021-02-26,0.82,0.16,0.97
India,2021-02-27,0.83,0.17,1.0
India,2021-02-28,0.84,0.17,1.01
India,2021-03-01,0.86,0.18,1.05
India,2021-03-02,0.91,0.19,1.1
India,2021-03-03,0.97,0.2,1.17
India,2021-03-04,1.04,0.23,1.27
India,2021-03-05,1.13,0.25,1.38
India,2021-03-06,1.21,0.26,1.48
India,2021-03-07,1.22,0.27,1.48
India,2021-03-08,1.34,0.29,1.62
India,2021-03-09,1.41,0.31,1.72
India,2021-03-10,1.48,0.33,1.81
India,2021-03-11,1.51,0.33,1.85
India,2021-03-12,1.63,0.36,1.99
India,2021-03-13,1.72,0.38,2.1
India,2021-03-14,1.73,0.38,2.11
India,2021-03-15,1.91,0.41,2.32
India,2021-03-16,2.04,0.44,2.47
India,2021-03-17,2.16,0.46,2.62
India,2021-03-18,2.29,0.49,2.78
India,2021-03-19,2.46,0.51,2.97
India,2021-03-20,2.62,0.53,3.15
India,2021-03-21,2.65,0.53,3.18
India,2021-03-22,2.87,0.55,3.42
India,2021-03-23,3.02,0.57,3.59
India,2021-03-24,3.16,0.59,3.75
India,2021-03-25,3.32,0.6,3.92
India,2021-03-26,3.49,0.61,4.1
India,2021-03-27,3.63,0.62,4.25
India,2021-03-28,3.65,0.63,4.27
India,2021-03-29,3.68,0.63,4.31
India,2021-03-30,3.81,0.64,4.45
India,2021-03-31,3.94,0.66,4.59
India,2021-04-01,4.17,0.68,4.85
India,2021-04-02,4.45,0.7,5.15
India,2021-04-03,4.64,0.72,5.36
India,2021-04-04,4.85,0.74,5.58
India,2021-04-05,5.1,0.76,5.86
India,2021-04-06,5.36,0.79,6.14
India,2021-04-07,5.56,0.81,6.36
India,2021-04-08,5.82,0.84,6.66
India,2021-04-09,6.05,0.87,6.92
India,2021-04-10,6.27,0.9,7.17
India,2021-04-11,6.46,0.91,7.38
India,2021-04-12,6.71,0.95,7.66
India,2021-04-13,6.87,0.98,7.85
India,2021-04-14,7.07,1.01,8.08
India,2021-04-15,7.22,1.05,8.27
India,2021-04-16,7.37,1.1,8.46
India,2021-04-17,7.51,1.14,8.65
India,2021-04-18,7.58,1.16,8.74
India,2021-04-19,7.74,1.23,8.97
India,2021-04-20,,,
India,2021-04-21,7.88,1.27,9.15
India,2021-04-22,8.01,1.35,9.37
India,2021-04-23,,,
India,2021-04-24,,,
India,2021-04-25,8.31,1.51,9.82
India,2021-04-26,8.46,1.6,10.06
India,2021-04-27,8.56,1.67,10.22
India,2021-04-28,8.65,1.73,10.38
India,2021-04-29,8.74,1.8,10.53
India,2021-04-30,8.85,1.88,10.73
India,2021-05-01,8.91,1.93,10.84
India,2021-05-02,8.94,1.94,10.88
India,2021-05-03,9.01,2.0,11.01
India,2021-05-04,9.08,2.05,11.13
India,2021-05-05,9.15,2.13,11.29
India,2021-05-06,9.25,2.23,11.47
India,2021-05-07,9.34,2.32,11.66
India,2021-05-08,9.41,2.41,11.82
India,2021-05-09,9.45,2.43,11.88
India,2021-05-10,9.54,2.53,12.07
India,2021-05-11,9.64,2.63,12.27
India,2021-05-12,9.72,2.7,12.42
India,2021-05-13,9.81,2.77,12.59
India,2021-05-14,9.87,2.81,12.68
India,2021-05-15,9.96,2.85,12.81
India,2021-05-16,10.0,2.86,12.86
India,2021-05-17,10.1,2.87,12.97
India,2021-05-18,10.18,2.89,13.07
India,2021-05-19,10.26,2.9,13.15
India,2021-05-20,10.35,2.91,13.26
India,2021-05-21,,,
India,2021-05-22,10.53,2.94,13.47
India,2021-05-23,10.59,2.94,13.53
India,2021-05-24,10.75,2.95,13.7
India,2021-05-25,10.83,2.96,13.8
India,2021-05-26,11.02,2.98,14.0
India,2021-05-27,11.2,2.99,14.2
India,2021-05-28,11.33,3.0,14.34
India,2021-05-29,11.58,3.03,14.61
India,2021-05-30,11.69,3.04,14.72
India,2021-05-31,11.8,3.05,14.85
India,2021-06-01,11.97,3.07,15.04
India,2021-06-02,12.13,3.09,15.22
India,2021-06-03,12.3,3.11,15.41
India,2021-06-04,12.64,3.14,15.78
India,2021-06-05,12.77,3.15,15.92
India,2021-06-06,12.93,3.16,16.09
India,2021-06-07,13.09,3.17,16.26
India,2021-06-08,13.29,3.2,16.49
India,2021-06-09,13.49,3.22,16.71
India,2021-06-10,13.71,3.24,16.96
India,2021-06-11,13.93,3.27,17.2
India,2021-06-12,14.09,3.28,17.37
India,2021-06-13,14.29,3.31,17.6
India,2021-06-14,14.51,3.33,17.84
India,2021-06-15,14.67,3.35,18.02
India,2021-06-16,14.85,3.38,18.23
India,2021-06-17,15.14,3.42,18.56
India,2021-06-18,15.35,3.44,18.79
India,2021-06-19,15.63,3.49,19.12
India,2021-06-20,15.84,3.51,19.35
India,2021-06-21,16.42,3.57,19.99
India,2021-06-22,16.84,3.62,20.45
India,2021-06-23,17.06,3.64,20.7
India,2021-06-24,17.48,3.7,21.17
India,2021-06-25,17.88,3.76,21.64
India,2021-06-26,18.36,3.85,22.22
India,2021-06-27,18.55,3.89,22.44
India,2021-06-28,18.74,3.94,22.68
India,2021-06-29,19.06,4.04,23.1
India,2021-06-30,19.15,4.07,23.23
India,2021-07-01,19.45,4.17,23.62
India,2021-07-02,19.5,4.19,23.69
India,2021-07-03,19.92,4.38,24.29
India,2021-07-04,20.07,4.44,24.51
India,2021-07-05,20.23,4.55,24.78
India,2021-07-06,20.38,4.62,25.0
India,2021-07-07,20.55,4.72,25.27
India,2021-07-08,21.08,4.96,26.04
India,2021-07-09,,,
India,2021-07-10,21.39,5.14,26.53
India,2021-07-11,21.45,5.17,26.63
India,2021-07-12,21.64,5.28,26.92
India,2021-07-13,21.97,5.38,27.36
India,2021-07-14,22.12,5.49,27.61
India,2021-07-15,22.31,5.59,27.9
India,2021-07-16,22.49,5.72,28.2
India,2021-07-17,22.71,5.86,28.57
India,2021-07-18,,,
India,2021-07-19,23.03,6.03,29.06
India,2021-07-20,23.2,6.12,29.32
India,2021-07-21,23.3,6.18,29.48
India,2021-07-22,23.56,6.31,29.88
India,2021-07-23,23.77,6.43,30.19
India,2021-07-24,24.02,6.55,30.56
India,2021-07-25,24.12,6.59,30.71
India,2021-07-26,24.45,6.73,31.18
India,2021-07-27,24.65,6.83,31.48
India,2021-07-28,24.88,6.93,31.8
India,2021-07-29,25.13,7.05,32.18
India,2021-07-30,25.39,7.18,32.57
India,2021-07-31,,,
India,2021-08-01,25.97,7.35,33.32
India,2021-08-02,,,
India,2021-08-03,26.68,7.56,34.24
India,2021-08-04,26.89,7.64,34.53
India,2021-08-05,27.21,7.74,34.95
India,2021-08-06,27.52,7.83,35.35
India,2021-08-07,27.83,7.93,35.76
India,2021-08-08,27.92,7.97,35.89
India,2021-08-09,28.24,8.07,36.3
India,2021-08-10,28.48,8.15,36.63
India,2021-08-11,28.72,8.23,36.95
India,2021-08-12,,,
India,2021-08-13,29.41,8.42,37.84
India,2021-08-14,29.82,8.56,38.38
India,2021-08-15,,,
India,2021-08-16,30.25,8.6,38.85
India,2021-08-17,30.59,8.68,39.27
India,2021-08-18,30.89,8.78,39.67
India,2021-08-19,31.13,8.85,39.98
India,2021-08-20,31.48,8.97,40.45
India,2021-08-21,31.63,9.04,40.67
India,2021-08-22,31.84,9.14,40.98
India,2021-08-23,31.91,9.18,41.08
India,2021-08-24,32.24,9.3,41.54
India,2021-08-25,32.69,9.5,42.19
India,2021-08-26,33.03,9.61,42.65
India,2021-08-27,33.59,9.84,43.43
India,2021-08-28,34.12,10.04,44.16
India,2021-08-29,34.45,10.19,44.64
India,2021-08-30,34.79,10.32,45.11
India,2021-08-31,35.07,10.43,45.5
India,2021-09-01,35.96,10.72,46.68
India,2021-09-02,36.38,10.88,47.26
India,2021-09-03,36.67,11.01,47.68
India,2021-09-04,36.76,11.06,47.82
India,2021-09-05,37.07,11.23,48.3
India,2021-09-06,37.25,11.33,48.58
India,2021-09-07,37.82,11.55,49.37
India,2021-09-08,38.35,11.79,50.14
India,2021-09-09,38.86,12.01,50.87
India,2021-09-10,39.02,12.08,51.1
India,2021-09-11,39.44,12.31,51.75
India,2021-09-12,39.75,12.49,52.24
India,2021-09-13,40.22,12.72,52.94
India,2021-09-14,40.34,12.78,53.11
India,2021-09-15,40.7,13.02,53.72
India,2021-09-16,41.13,13.3,54.43
India,2021-09-17,41.36,13.5,54.85
India,2021-09-18,42.14,14.03,56.17
India,2021-09-19,42.49,14.29,56.79
India,2021-09-20,42.8,14.51,57.31
India,2021-09-21,43.21,14.78,57.99
India,2021-09-22,43.44,14.93,58.38
India,2021-09-23,43.83,15.24,59.08
India,2021-09-24,44.27,15.55,59.81
India,2021-09-25,44.42,15.71,60.13
India,2021-09-26,44.57,15.82,60.39
India,2021-09-27,45.11,16.19,61.3
India,2021-09-28,45.29,16.33,61.62
India,2021-09-29,45.53,16.54,62.07
India,2021-09-30,45.79,16.76,62.55
India,2021-10-01,46.06,16.97,63.03
India,2021-10-02,46.36,17.22,63.58
India,2021-10-03,46.55,17.39,63.94
India,2021-10-04,46.73,17.56,64.29
India,2021-10-05,47.0,17.79,64.79
India,2021-10-06,47.2,17.96,65.17
India,2021-10-07,47.34,18.09,65.42
India,2021-10-08,47.64,18.35,65.99
India,2021-10-09,47.93,18.61,66.54
India,2021-10-10,48.23,18.89,67.12
India,2021-10-11,48.36,19.02,67.38
India,2021-10-12,48.6,19.24,67.84
India,2021-10-13,48.76,19.4,68.16
India,2021-10-14,48.84,19.49,68.33
India,2021-10-15,48.93,19.6,68.53
India,2021-10-16,48.97,19.67,68.64
India,2021-10-17,49.08,19.81,68.89
India,2021-10-18,49.16,19.92,69.08
India,2021-10-19,49.4,20.25,69.65
India,2021-10-20,49.81,20.57,70.38
India,2021-10-21,50.07,20.72,70.79
India,2021-10-22,50.27,21.0,71.26
India,2021-10-23,50.39,21.14,71.53
India,2021-10-24,50.64,21.49,72.13
India,2021-10-25,50.7,21.57,72.27
India,2021-10-26,50.89,21.85,72.74
India,2021-10-27,51.05,22.1,73.14
India,2021-10-28,51.2,22.36,73.56
India,2021-10-29,51.45,22.76,74.21
India,2021-10-30,51.64,23.05,74.69
India,2021-10-31,51.76,23.22,74.98
India,2021-11-01,51.9,23.43,75.34
India,2021-11-02,51.97,23.52,75.48
India,2021-11-03,52.11,23.75,75.86
India,2021-11-04,52.17,23.83,76.0
India,2021-11-05,52.19,23.86,76.05
India,2021-11-06,52.24,23.98,76.22
India,2021-11-07,52.3,24.13,76.43
India,2021-11-08,52.41,24.38,76.79
India,2021-11-09,52.5,24.57,77.07
India,2021-11-10,52.61,24.85,77.46
India,2021-11-11,52.7,25.11,77.82
India,2021-11-12,52.86,25.56,78.43
India,2021-11-13,53.03,25.95,78.97
India,2021-11-14,53.11,26.12,79.23
India,2021-11-15,53.2,26.32,79.52
India,2021-11-16,53.35,26.65,80.0
India,2021-11-17,53.5,27.01,80.51
India,2021-11-18,53.67,27.4,81.06
India,2021-11-19,53.78,27.62,81.4
India,2021-11-20,54.01,28.11,82.11
India,2021-11-21,54.12,28.3,82.42
India,2021-11-22,54.31,28.67,82.97
India,2021-11-23,54.49,29.05,83.54
India,2021-11-24,54.69,29.54,84.24
India,2021-11-25,54.79,29.78,84.57
India,2021-11-26,55.08,30.36,85.43
India,2021-11-27,55.12,30.44,85.56
India,2021-11-28,55.37,30.95,86.31
India,2021-11-29,55.49,31.2,86.69
India,2021-11-30,55.68,31.61,87.29
India,2021-12-01,55.86,32.03,87.89
India,2021-12-02,56.06,32.55,88.62
India,2021-12-03,56.19,32.84,89.03
India,2021-12-04,56.43,33.45,89.88
India,2021-12-05,56.55,33.68,90.23
India,2021-12-06,56.65,33.93,90.58
India,2021-12-07,56.83,34.33,91.16
India,2021-12-08,57.0,34.73,91.72
India,2021-12-09,57.17,35.15,92.31
India,2021-12-10,57.26,35.35,92.61
India,2021-12-11,57.54,36.14,93.67
India,2021-12-12,57.63,36.32,93.95
India,2021-12-13,57.71,36.52,94.23
India,2021-12-14,57.93,37.07,95.0
India,2021-12-15,58.04,37.39,95.44
India,2021-12-16,58.11,37.61,95.72
India,2021-12-17,58.25,38.09,96.34
India,2021-12-18,58.38,38.51,96.89
India,2021-12-19,58.45,38.68,97.12
India,2021-12-20,58.51,38.88,97.39
India,2021-12-21,58.65,39.33,97.98
India,2021-12-22,58.69,39.46,98.16
India,2021-12-23,58.8,39.86,98.66
India,2021-12-24,58.9,40.21,99.11
India,2021-12-25,59.07,40.71,99.77
India,2021-12-26,59.08,40.75,99.83
India,2021-12-27,59.15,40.94,100.09
India,2021-12-28,59.28,41.35,100.63
India,2021-12-29,59.44,41.84,101.27
India,2021-12-30,59.5,42.02,101.52
India,2021-12-31,59.67,42.57,102.24
India,2022-01-01,59.77,42.84,102.6
India,2022-01-02,59.81,42.97,102.78
India,2022-01-03,60.16,43.18,103.34
India,2022-01-04,60.53,43.36,103.89
India,2022-01-05,61.0,43.59,104.59
India,2022-01-06,61.47,43.81,105.28
India,2022-01-07,62.07,44.17,106.24
India,2022-01-08,62.16,44.25,106.41
India,2022-01-09,62.53,44.56,107.09
India,2022-01-10,62.76,44.76,107.55
India,2022-01-11,63.21,45.17,108.51
India,2022-01-12,63.42,45.38,108.97
India,2022-01-13,63.72,45.7,109.65
India,2022-01-14,63.8,45.79,109.83
India,2022-01-15,64.07,46.11,110.48
India,2022-01-16,64.24,46.29,110.83
India,2022-01-17,64.39,46.47,111.2
India,2022-01-18,64.39,46.48,111.21
India,2022-01-19,64.85,47.1,112.37
India,2022-01-20,65.07,47.41,112.92
India,2022-01-21,65.31,47.77,113.58
India,2022-01-22,65.49,48.08,114.11
India,2022-01-23,65.62,48.3,114.47
India,2022-01-24,65.65,48.34,114.55
India,2022-01-25,65.81,48.63,115.04
India,2022-01-26,65.94,48.88,115.45
India,2022-01-27,66.0,49.0,115.66
India,2022-01-28,66.13,49.26,116.1
India,2022-01-29,66.23,49.48,116.46
India,2022-01-30,66.38,49.78,116.95
India,2022-01-31,66.54,50.09,117.47
India,2022-02-01,66.66,50.39,117.92
India,2022-02-02,66.77,50.66,118.34
India,2022-02-03,66.85,50.88,118.65
India,2022-02-04,66.94,51.14,119.04
India,2022-02-05,67.06,51.43,119.48
India,2022-02-06,67.12,51.55,119.67
India,2022-02-07,67.12,51.56,119.68
India,2022-02-08,67.22,51.95,120.15
India,2022-02-09,67.34,52.26,120.66
India,2022-02-10,67.34,52.28,120.69
India,2022-02-11,67.48,52.77,121.38
India,2022-02-12,67.53,52.94,121.61
India,2022-02-13,67.6,53.17,121.93
India,2022-02-14,67.63,53.26,122.05
India,2022-02-15,67.71,53.59,122.5
India,2022-02-16,67.75,53.73,122.68
India,2022-02-17,67.81,54.02,123.06
India,2022-02-18,67.86,54.24,123.34
India,2022-02-19,67.9,54.43,123.59
India,2022-02-20,67.93,54.54,123.73
India,2022-02-21,67.95,54.67,123.89
India,2022-02-22,67.99,54.89,124.16
India,2022-02-23,68.01,55.01,124.31
India,2022-02-24,68.04,55.2,124.54
India,2022-02-25,68.08,55.4,124.8
India,2022-02-26,68.12,55.62,125.06
India,2022-02-27,68.13,55.7,125.16
India,2022-02-28,68.15,55.78,125.26
India,2022-03-01,68.16,55.87,125.37
India,2022-03-02,68.17,55.96,125.48
India,2022-03-03,68.2,56.15,125.7
India,2022-03-04,68.22,56.31,125.89
India,2022-03-05,68.25,56.47,126.09
India,2022-03-06,68.25,56.53,126.16
India,2022-03-07,68.27,56.62,126.26
India,2022-03-08,68.29,56.75,126.42
India,2022-03-09,68.3,56.87,126.56
India,2022-03-10,68.32,56.98,126.69
India,2022-03-11,68.34,57.15,126.89
India,2022-03-12,68.35,57.22,126.97
India,2022-03-13,68.36,57.3,127.06
India,2022-03-14,68.37,57.4,127.19
India,2022-03-15,68.38,57.5,127.31
India,2022-03-16,68.4,57.61,127.44
India,2022-03-17,68.45,57.7,127.58
India,2022-03-18,68.48,57.74,127.66
India,2022-03-19,68.52,57.79,127.75
India,2022-03-20,68.55,57.83,127.82
India,2022-03-21,68.64,57.9,127.99
India,2022-03-22,68.75,57.96,128.17
India,2022-03-23,68.94,58.06,128.47
India,2022-03-24,69.1,58.15,128.73
India,2022-03-25,69.18,58.2,128.87
India,2022-03-26,69.34,58.31,129.15
India,2022-03-27,69.38,58.35,129.23
India,2022-03-28,69.44,58.4,129.34
India,2022-03-29,69.49,58.44,129.45
India,2022-03-30,69.65,58.56,129.73
India,2022-03-31,69.78,58.65,129.97
India,2022-04-01,69.82,58.7,130.07
India,2022-04-02,,,
India,2022-04-03,,,
India,2022-04-04,69.93,58.83,130.33
India,2022-04-05,69.98,58.89,130.45
India,2022-04-06,70.05,58.96,130.6
India,2022-04-07,70.1,59.01,130.72
India,2022-04-08,70.14,59.06,130.81
India,2022-04-09,70.18,59.12,130.92
India,2022-04-10,70.21,59.15,130.98
India,2022-04-11,70.23,59.19,131.06
India,2022-04-12,70.29,59.27,131.22
India,2022-04-13,70.31,59.31,131.29
India,2022-04-14,70.35,59.37,131.39
India,2022-04-15,70.35,59.39,131.42
India,2022-04-16,,,
India,2022-04-17,,,
India,2022-04-18,70.41,59.52,131.64
India,2022-04-19,70.45,59.62,131.79
India,2022-04-20,70.46,59.65,131.85
India,2022-04-21,70.49,59.73,131.97
India,2022-04-22,70.52,59.82,132.1
India,2022-04-23,,,
India,2022-04-24,70.59,59.99,132.37
India,2022-04-25,70.6,60.03,132.43
India,2022-04-26,70.64,60.14,132.6
India,2022-04-27,70.68,60.25,132.76
India,2022-04-28,70.71,60.36,132.92
India,2022-04-29,70.76,60.52,133.15
India,2022-04-30,70.79,60.6,133.27
India,2022-05-01,70.82,60.71,133.43
India,2022-05-02,70.83,60.75,133.49
India,2022-05-03,70.85,60.82,133.6
India,2022-05-04,70.86,60.86,133.65
India,2022-05-05,70.88,60.94,133.77
India,2022-05-06,70.91,61.03,133.9
India,2022-05-07,70.94,61.12,134.04
India,2022-05-08,70.97,61.21,134.17
India,2022-05-09,70.99,61.28,134.27
India,2022-05-10,71.01,61.36,134.39
India,2022-05-11,71.03,61.44,134.5
India,2022-05-12,71.05,61.52,134.62
India,2022-05-13,71.08,61.6,134.73
India,2022-05-14,71.1,61.68,134.85
India,2022-05-15,71.12,61.74,134.94
India,2022-05-16,71.13,61.77,134.98
India,2022-05-17,71.14,61.83,135.07
India,2022-05-18,71.16,61.9,135.18
India,2022-05-19,71.18,61.97,135.29
India,2022-05-20,71.2,62.05,135.41
India,2022-05-21,71.22,62.12,135.53
India,2022-05-22,71.24,62.19,135.63
India,2022-05-23,71.24,62.23,135.7
India,2022-05-24,71.26,62.3,135.8
India,2022-05-25,71.28,62.36,135.9
India,2022-05-26,71.29,62.43,136.01
India,2022-05-27,71.31,62.5,136.12
India,2022-05-28,71.33,62.57,136.23
India,2022-05-29,71.34,62.62,136.32
India,2022-05-30,71.35,62.64,136.35
India,2022-05-31,71.36,62.7,136.45
India,2022-06-01,71.39,62.8,136.61
India,2022-06-02,71.39,62.82,136.63
India,2022-06-03,71.4,62.88,136.72
India,2022-06-04,71.41,62.94,136.81
India,2022-06-05,71.42,62.98,136.89
India,2022-06-06,71.43,63.01,136.92
India,2022-06-07,71.44,63.07,137.02
India,2022-06-08,71.46,63.15,137.14
India,2022-06-09,71.47,63.22,137.26
India,2022-06-10,71.49,63.3,137.38
India,2022-06-11,71.5,63.37,137.49
India,2022-06-12,71.51,63.44,137.6
India,2022-06-13,71.52,63.51,137.68
India,2022-06-14,71.54,63.58,137.79
India,2022-06-15,71.55,63.65,137.9
India,2022-06-16,71.56,63.72,138.02
India,2022-06-17,71.58,63.79,138.14
India,2022-06-18,71.59,63.86,138.25
India,2022-06-19,71.6,63.91,138.34
India,2022-06-20,71.6,63.93,138.37
India,2022-06-21,71.62,64.0,138.47
India,2022-06-22,71.63,64.06,138.57
India,2022-06-23,71.64,64.13,138.69
India,2022-06-24,71.65,64.19,138.8
India,2022-06-25,71.67,64.26,138.92
India,2022-06-26,71.68,64.31,139.0
India,2022-06-27,71.68,64.34,139.04
India,2022-06-28,71.7,64.41,139.18
India,2022-06-29,71.71,64.47,139.28
India,2022-06-30,71.73,64.53,139.39
India,2022-07-01,71.74,64.58,139.47
India,2022-07-02,71.75,64.62,139.55
India,2022-07-03,71.76,64.66,139.61
India,2022-07-04,71.76,64.67,139.64
India,2022-07-05,71.77,64.71,139.72
India,2022-07-06,71.78,64.76,139.8
India,2022-07-07,71.79,64.81,139.9
India,2022-07-08,71.81,64.87,140.02
India,2022-07-09,,,
India,2022-07-10,71.83,64.95,140.2
India,2022-07-11,71.84,65.0,140.28
India,2022-07-12,71.85,65.04,140.36
India,2022-07-13,71.87,65.1,140.51
India,2022-07-14,71.88,65.24,140.71
India,2022-07-15,71.9,65.29,140.91
India,2022-07-16,,,
India,2022-07-17,,,
India,2022-07-18,71.92,65.36,141.26
India,2022-07-19,71.92,65.39,141.4
India,2022-07-20,71.94,65.42,141.6
India,2022-07-21,71.95,65.46,141.82
India,2022-07-22,71.96,65.51,142.09
India,2022-07-23,71.98,65.55,142.36
India,2022-07-24,71.99,65.59,142.57
India,2022-07-25,72.0,65.62,142.7
India,2022-07-26,72.01,65.64,142.92
India,2022-07-27,72.02,65.68,143.15
India,2022-07-28,72.03,65.72,143.45
India,2022-07-29,72.05,65.77,143.71
India,2022-07-30,72.06,65.8,143.95
India,2022-07-31,72.07,65.82,144.14
India,2022-08-01,72.07,65.83,144.22
India,2022-08-02,72.08,65.85,144.41
India,2022-08-03,,,
India,2022-08-04,72.1,65.91,144.86
India,2022-08-05,72.11,65.95,145.11
India,2022-08-06,72.12,65.98,145.34
India,2022-08-07,72.14,66.01,145.56
India,2022-08-08,72.15,66.04,145.8
India,2022-08-09,72.15,66.07,146.01
India,2022-08-10,72.16,66.08,146.12
India,2022-08-11,72.17,66.1,146.29
India,2022-08-12,72.17,66.12,146.42
India,2022-08-13,72.18,66.14,146.61
India,2022-08-14,72.19,66.17,146.79
India,2022-08-15,72.19,66.18,146.96
India,2022-08-16,72.19,66.18,147.02
India,2022-08-17,72.2,66.2,147.22
India,2022-08-18,72.21,66.23,147.48
India,2022-08-19,72.21,66.25,147.69
India,2022-08-20,72.22,66.27,147.79
India,2022-08-21,72.23,66.29,148.0
India,2022-08-22,72.23,66.32,148.23
India,2022-08-23,72.24,66.34,148.44
India,2022-08-24,72.25,66.36,148.62
India,2022-08-25,72.25,66.38,148.8
India,2022-08-26,72.26,66.41,149.02
India,2022-08-27,72.27,66.43,149.2
India,2022-08-28,72.28,66.45,149.38
India,2022-08-29,72.28,66.46,149.56
India,2022-08-30,72.29,66.48,149.74
India,2022-08-31,72.29,66.49,149.89
India,2022-09-01,72.3,66.51,149.99
India,2022-09-02,72.3,66.53,150.15
India,2022-09-03,72.31,66.54,150.33
India,2022-09-04,72.32,66.56,150.49
India,2022-09-05,72.32,66.58,150.69
India,2022-09-06,72.32,66.59,150.83
India,2022-09-07,72.33,66.61,150.98
India,2022-09-08,72.34,66.63,151.23
India,2022-09-09,72.34,66.65,151.42
India,2022-09-10,72.35,66.66,151.57
India,2022-09-11,72.35,66.68,151.72
India,2022-09-12,72.35,66.7,151.92
India,2022-09-13,72.36,66.71,152.07
India,2022-09-14,72.36,66.73,152.22
India,2022-09-15,72.37,66.74,152.42
India,2022-09-16,72.38,66.76,152.56
India,2022-09-17,72.38,66.78,152.73
India,2022-09-18,72.38,66.79,152.84
India,2022-09-19,72.39,66.8,152.92
India,2022-09-20,72.39,66.81,153.02
India,2022-09-21,72.39,66.82,153.1
India,2022-09-22,72.4,66.83,153.22
India,2022-09-23,72.4,66.84,153.32
India,2022-09-24,72.41,66.85,153.43
India,2022-09-25,72.41,66.86,153.54
India,2022-09-26,72.41,66.87,153.62
India,2022-09-27,72.41,66.88,153.72
India,2022-09-28,72.42,66.89,153.82
India,2022-09-29,72.42,66.9,153.99
India,2022-09-30,72.42,66.92,154.21
India,2022-10-01,72.43,66.93,154.32
India,2022-10-02,72.43,66.94,154.36
India,2022-10-03,72.43,66.94,154.37
India,2022-10-04,72.43,66.94,154.4
India,2022-10-05,72.43,66.94,154.42
India,2022-10-06,72.43,66.94,154.42
India,2022-10-07,72.43,66.95,154.45
India,2022-10-08,72.43,66.95,154.49
India,2022-10-09,72.43,66.96,154.52
India,2022-10-10,72.43,66.96,154.53
India,2022-10-11,72.44,66.97,154.57
India,2022-10-12,72.44,66.97,154.63
India,2022-10-13,,,
India,2022-10-14,72.44,66.99,154.69
India,2022-10-15,72.44,66.99,154.73
India,2022-10-16,72.44,67.0,154.76
India,2022-10-17,72.45,67.0,154.77
India,2022-10-18,72.45,67.0,154.8
India,2022-10-19,72.45,67.01,154.83
India,2022-10-20,72.45,67.02,154.86
India,2022-10-21,72.45,67.02,154.89
India,2022-10-22,72.45,67.03,154.91
India,2022-10-23,72.46,67.03,154.93
India,2022-10-24,72.46,67.03,154.93
India,2022-10-25,72.46,67.03,154.93
India,2022-10-26,72.46,67.03,154.94
India,2022-10-27,72.46,67.03,154.95
India,2022-10-28,72.46,67.04,154.96
India,2022-10-29,72.46,67.04,154.97
India,2022-10-30,72.46,67.04,154.98
India,2022-10-31,,,
India,2022-11-01,72.46,67.04,154.99
India,2022-11-02,72.46,67.05,155.0
India,2022-11-03,72.46,67.05,155.01
India,2022-11-04,72.46,67.05,155.02
India,2022-11-05,72.46,67.05,155.04
India,2022-11-06,72.46,67.05,155.05
India,2022-11-07,72.46,67.06,155.05
India,2022-11-08,72.46,67.06,155.06
India,2022-11-09,72.46,67.06,155.06
India,2022-11-10,72.46,67.06,155.07
India,2022-11-11,72.46,67.06,155.08
India,2022-11-12,72.46,67.07,155.09
India,2022-11-13,72.47,67.07,155.1
India,2022-11-14,72.47,67.07,155.1
India,2022-11-15,72.47,67.07,155.11
India,2022-11-16,72.47,67.07,155.11
India,2022-11-17,72.47,67.07,155.12
India,2022-11-18,72.47,67.07,155.13
India,2022-11-19,72.47,67.08,155.14
India,2022-11-20,72.47,67.08,155.14
India,2022-11-21,72.47,67.08,155.14
India,2022-11-22,72.47,67.08,155.15
India,2022-11-23,72.47,67.08,155.15
India,2022-11-24,72.47,67.08,155.16
India,2022-11-25,72.47,67.08,155.16
India,2022-11-26,72.47,67.09,155.17
India,2022-11-27,72.47,67.09,155.17
India,2022-11-28,72.47,67.09,155.17
India,2022-11-29,72.47,67.09,155.18
India,2022-11-30,72.47,67.09,155.18
India,2022-12-01,72.47,67.09,155.19
India,2022-12-02,72.47,67.09,155.19
India,2022-12-03,72.47,67.09,155.19
India,2022-12-04,72.47,67.09,155.2
India,2022-12-05,72.47,67.09,155.2
India,2022-12-06,72.47,67.09,155.2
India,2022-12-07,72.47,67.09,155.2
India,2022-12-08,72.47,67.1,155.21
India,2022-12-09,72.47,67.1,155.21
India,2022-12-10,72.47,67.1,155.21
India,2022-12-11,72.47,67.1,155.22
India,2022-12-12,72.47,67.1,155.22
India,2022-12-13,72.47,67.1,155.22
India,2022-12-14,72.48,67.1,155.22
India,2022-12-15,72.48,67.1,155.23
India,2022-12-16,72.48,67.1,155.23
India,2022-12-17,72.48,67.1,155.24
India,2022-12-18,72.48,67.11,155.24
India,2022-12-19,72.48,67.11,155.24
India,2022-12-20,72.48,67.11,155.24
India,2022-12-21,72.48,67.11,155.25
India,2022-12-22,72.48,67.11,155.25
India,2022-12-23,72.48,67.11,155.26
India,2022-12-24,72.48,67.11,155.27
India,2022-12-25,72.48,67.11,155.27
India,2022-12-26,72.48,67.11,155.28
India,2022-12-27,72.48,67.12,155.28
India,2022-12-28,72.48,67.12,155.29
India,2022-12-29,72.48,67.12,155.3
India,2022-12-30,72.48,67.12,155.3
India,2022-12-31,72.48,67.12,155.31
India,2023-01-01,72.48,67.12,155.31
India,2023-01-02,72.48,67.12,155.31
India,2023-01-03,72.48,67.12,155.32
India,2023-01-04,72.48,67.12,155.32
India,2023-01-05,72.48,67.12,155.32
India,2023-01-06,72.48,67.12,155.33
India,2023-01-07,72.48,67.12,155.33
India,2023-01-08,72.48,67.12,155.34
India,2023-01-09,72.48,67.12,155.34
India,2023-01-10,72.48,67.13,155.34
India,2023-01-11,72.48,67.13,155.34
India,2023-01-12,72.49,67.13,155.35
India,2023-01-13,72.49,67.13,155.35
India,2023-01-14,72.49,67.13,155.36
India,2023-01-15,72.49,67.13,155.36
India,2023-01-16,72.49,67.13,155.36
India,2023-01-17,72.49,67.13,155.36
India,2023-01-18,72.49,67.13,155.37
India,2023-01-19,72.49,67.13,155.38
India,2023-01-20,72.49,67.13,155.39
India,2023-01-21,72.49,67.14,155.41
India,2023-01-22,72.49,67.14,155.44
India,2023-01-23,72.49,67.14,155.44
India,2023-01-24,72.49,67.14,155.45
India,2023-01-25,72.49,67.14,155.47
India,2023-01-26,72.49,67.14,155.49
India,2023-01-27,72.49,67.14,155.49
India,2023-01-28,72.49,67.15,155.51
India,2023-01-29,72.49,67.15,155.53
India,2023-01-30,72.49,67.15,155.56
India,2023-01-31,72.49,67.15,155.58
India,2023-02-01,72.49,67.16,155.6
India,2023-02-02,72.49,67.16,155.61
India,2023-02-03,72.49,67.16,155.62
India,2023-02-04,72.49,67.16,155.63
India,2023-02-05,72.49,67.16,155.64
India,2023-02-06,72.49,67.16,155.65
India,2023-02-07,72.49,67.16,155.66
India,2023-02-08,72.49,67.16,155.67
India,2023-02-09,72.49,67.16,155.67
India,2023-02-10,72.49,67.16,155.68
India,2023-02-11,72.49,67.17,155.68
India,2023-02-12,72.49,67.17,155.68
India,2023-02-13,72.49,67.17,155.68
India,2023-02-14,72.49,67.17,155.68
India,2023-02-15,72.49,67.17,155.68
India,2023-02-16,72.49,67.17,155.68
India,2023-02-17,72.49,67.17,155.68
India,2023-02-18,72.49,67.17,155.68
India,2023-02-19,72.49,67.17,155.68
India,2023-02-20,72.49,67.17,155.68
India,2023-02-21,72.49,67.17,155.68
India,2023-02-22,72.49,67.17,155.69
India,2023-02-23,72.49,67.17,155.69
India,2023-02-24,72.49,67.17,155.69
India,2023-02-25,72.49,67.17,155.69
India,2023-02-26,72.49,67.17,155.69
India,2023-02-27,72.49,67.17,155.69
India,2023-02-28,72.49,67.17,155.69
India,2023-03-01,72.49,67.17,155.69
India,2023-03-02,72.49,67.17,155.69
India,2023-03-03,72.49,67.17,155.69
India,2023-03-04,72.49,67.17,155.69
India,2023-03-05,72.49,67.17,155.69
India,2023-03-06,72.49,67.17,155.69
India,2023-03-07,72.49,67.17,155.69
India,2023-03-08,72.49,67.17,155.69
India,2023-03-09,72.5,67.17,155.69
India,2023-03-10,72.5,67.17,155.69
India,2023-03-11,72.5,67.17,155.69
India,2023-03-12,72.5,67.17,155.69
India,2023-03-13,72.5,67.17,155.69
India,2023-03-14,72.5,67.17,155.69
India,2023-03-15,72.5,67.17,155.69
India,2023-03-16,72.5,67.17,155.69
India,2023-03-17,72.5,67.17,155.69
India,2023-03-18,,,
India,2023-03-19,72.5,67.17,155.7
India,2023-03-20,72.5,67.17,155.7
India,2023-03-21,72.5,67.17,155.7
India,2023-03-22,72.5,67.17,155.7
India,2023-03-23,72.5,67.17,155.7
India,2023-03-24,72.5,67.17,155.7
India,2023-03-25,72.5,67.17,155.7
India,2023-03-26,72.5,67.17,155.7
India,2023-03-27,72.5,67.17,155.7
India,2023-03-28,72.5,67.17,155.7
India,2023-03-29,72.5,67.17,155.7
India,2023-03-30,72.5,67.17,155.7
India,2023-03-31,72.5,67.17,155.7
India,2023-04-01,72.5,67.17,155.7
India,2023-04-02,72.5,67.17,155.7
India,2023-04-03,72.5,67.17,155.7
India,2023-04-04,72.5,67.17,155.7
India,2023-04-05,72.5,67.17,155.7
India,2023-04-06,72.5,67.17,155.7
India,2023-04-07,72.5,67.17,155.7
India,2023-04-08,72.5,67.17,155.7
India,2023-04-09,,,
India,2023-04-10,72.5,67.17,155.7
India,2023-04-11,72.5,67.17,155.7
India,2023-04-12,72.5,67.17,155.7
India,2023-04-13,72.5,67.17,155.7
India,2023-04-14,72.5,67.17,155.7
India,2023-04-15,72.5,67.17,155.7
India,2023-04-16,72.5,67.17,155.7
India,2023-04-17,72.5,67.17,155.7
India,2023-04-18,72.5,67.17,155.7
India,2023-04-19,72.5,67.17,155.7
India,2023-04-20,72.5,67.17,155.7
India,2023-04-21,72.5,67.17,155.7
India,2023-04-22,72.5,67.17,155.71
India,2023-04-23,72.5,67.17,155.71
India,2023-04-24,72.5,67.17,155.71
India,2023-04-25,72.5,67.17,155.71
India,2023-04-26,72.5,67.17,155.71
India,2023-04-27,72.5,67.17,155.71
India,2023-04-28,72.5,67.17,155.71
India,2023-04-29,72.5,67.17,155.71
India,2023-04-30,72.5,67.17,155.71
India,2023-05-01,72.5,67.17,155.71
India,2023-05-02,72.5,67.17,155.71
India,2023-05-03,72.5,67.17,155.71
India,2023-05-04,72.5,67.17,155.71
India,2023-05-05,72.5,67.17,155.71
India,2023-05-06,72.5,67.17,155.71
India,2023-05-07,72.5,67.17,155.71
India,2023-05-08,72.5,67.17,155.71
India,2023-05-09,72.5,67.17,155.71
India,2023-05-10,72.5,67.17,155.71
India,2023-05-11,72.5,67.17,155.71
India,2023-05-12,72.5,67.17,155.71
India,2023-05-13,72.5,67.17,155.71
India,2023-05-14,72.5,67.17,155.71
India,2023-05-15,72.5,67.17,155.71
India,2023-05-16,72.5,67.17,155.71
India,2023-05-17,72.5,67.17,155.71
India,2023-05-18,72.5,67.17,155.71
India,2023-05-19,72.5,67.17,155.71
India,2023-05-20,72.5,67.17,155.71
India,2023-05-21,72.5,67.17,155.71
India,2023-05-22,72.5,67.17,155.71
India,2023-05-23,72.5,67.17,155.71
India,2023-05-24,72.5,67.17,155.71
India,2023-05-25,72.5,67.17,155.71
India,2023-05-26,72.5,67.17,155.71
India,2023-05-27,72.5,67.17,155.71
India,2023-05-28,72.5,67.17,155.71
India,2023-05-29,72.5,67.17,155.71
India,2023-05-30,72.5,67.17,155.71
India,2023-05-31,72.5,67.17,155.71
India,2023-06-01,72.5,67.17,155.71
India,2023-06-02,72.5,,155.71
India,2023-06-03,72.5,67.17,155.71
India,2023-06-04,72.5,67.17,155.71
India,2023-06-05,72.5,67.17,155.71
India,2023-06-06,72.5,67.17,155.71
India,2023-06-07,,,
India,2023-06-08,72.5,67.17,155.71
India,2023-06-09,72.5,67.17,155.71
India,2023-06-10,72.5,67.17,155.71
India,2023-06-11,72.5,67.17,155.71
India,2023-06-12,72.5,67.17,155.71
India,2023-06-13,72.5,67.17,155.71
India,2023-06-14,72.5,67.17,155.71
India,2023-06-15,72.5,67.17,155.71
India,2023-06-16,72.5,67.17,155.71
India,2023-06-17,72.5,67.17,155.71
India,2023-06-18,72.5,67.17,155.71
India,2023-06-19,72.5,67.17,155.71
India,2023-06-20,72.5,67.17,155.71
India,2023-06-21,72.5,67.17,155.71
India,2023-06-22,72.5,67.17,155.71
India,2023-06-23,72.5,67.17,155.71
India,2023-06-24,72.5,67.17,155.71
India,2023-06-25,72.5,67.17,155.71
India,2023-06-26,72.5,67.17,155.71
India,2023-06-27,72.5,67.17,155.71
India,2023-06-28,72.5,67.17,155.71
India,2023-06-29,72.5,67.17,155.71
India,2023-06-30,72.5,67.17,155.71
India,2023-07-01,72.5,67.17,155.71
India,2023-07-02,72.5,67.17,155.71
India,2023-07-03,72.5,67.17,155.71
India,2023-07-04,72.5,67.17,155.71
India,2023-07-05,72.5,67.17,155.71
India,2023-07-06,72.5,67.17,155.71
India,2023-07-07,72.5,67.17,155.71
India,2023-07-08,72.5,67.17,155.71
India,2023-07-09,72.5,67.17,155.71
India,2023-07-10,72.5,67.17,155.71
India,2023-07-11,72.5,67.17,155.71
India,2023-07-12,72.5,67.17,155.71
India,2023-07-13,72.5,67.17,155.71
India,2023-07-14,72.5,67.17,155.71
India,2023-07-15,72.5,67.17,155.71
India,2023-07-16,72.5,67.17,155.71
India,2023-07-17,72.5,67.17,155.71
India,2023-07-18,72.5,67.17,155.71
India,2023-07-19,72.5,67.17,155.71
India,2023-07-20,72.5,67.17,155.71
India,2023-07-21,72.5,67.17,155.71
India,2023-07-22,72.5,67.17,155.71
India,2023-07-23,72.5,67.17,155.71
India,2023-07-24,72.5,67.17,155.71
India,2023-07-25,72.5,67.17,155.71
India,2023-07-26,72.5,67.17,155.71
India,2023-07-27,72.5,67.17,155.71
India,2023-07-28,72.5,67.17,155.71
India,2023-07-29,72.5,67.17,155.71
India,2023-07-30,72.5,67.17,155.71
India,2023-07-31,72.5,67.17,155.71
India,2023-08-01,72.5,67.17,155.71
India,2023-08-02,72.5,67.17,155.71
India,2023-08-03,72.5,67.17,155.71
India,2023-08-04,72.5,67.17,155.71
India,2023-08-05,72.5,67.17,155.71
India,2023-08-06,72.5,67.17,155.71
India,2023-08-07,72.5,67.17,155.71
India,2023-08-08,72.5,67.17,155.71
India,2023-08-09,,,
India,2023-08-10,72.5,67.17,155.71
India,2023-08-11,72.5,67.17,155.71
India,2023-08-12,72.5,67.17,155.71
India,2023-08-13,72.5,67.17,155.71
India,2023-08-14,72.5,67.17,155.71
India,2023-08-15,72.5,67.17,155.71
India,2023-08-16,72.5,67.17,155.71
India,2023-08-17,72.5,67.17,155.71
India,2023-08-18,72.5,67.17,155.71
India,2023-08-19,72.5,67.17,155.71
India,2023-08-20,72.5,67.17,155.71
India,2023-08-21,72.5,67.17,155.71
India,2023-08-22,72.5,67.17,155.71
India,2023-08-23,72.5,67.17,155.71
India,2023-08-24,72.5,67.17,155.71
India,2023-08-25,72.5,67.17,155.71
India,2023-08-26,72.5,67.17,155.71
India,2023-08-27,72.5,67.17,155.71
India,2023-08-28,72.5,67.17,155.71
India,2023-08-29,72.5,67.17,155.71
India,2023-08-30,72.5,67.17,155.71
India,2023-08-31,72.5,67.17,155.71
India,2023-09-01,72.5,67.17,155.71
India,2023-09-02,72.5,67.17,155.71
India,2023-09-03,72.5,67.17,155.71
India,2023-09-04,72.5,67.17,155.71
India,2023-09-05,72.5,67.17,155.71
India,2023-09-06,72.5,67.17,155.71
India,2023-09-07,72.5,67.17,155.71
India,2023-09-08,72.5,67.17,155.71
India,2023-09-09,72.5,67.17,155.71
India,2023-09-10,72.5,67.17,155.71
India,2023-09-11,72.5,67.17,155.71
India,2023-09-12,72.5,67.17,155.71
India,2023-09-13,72.5,67.17,155.71
India,2023-09-14,72.5,67.17,155.71
India,2023-09-15,72.5,67.17,155.71
India,2023-09-16,72.5,67.17,155.71
India,2023-09-17,72.5,67.17,155.71
India,2023-09-18,72.5,67.17,155.71
India,2023-09-19,72.5,67.17,155.71
India,2023-09-20,72.5,67.17,155.71
India,2023-09-21,72.5,67.17,155.71
India,2023-09-22,72.5,67.17,155.71
India,2023-09-23,72.5,67.17,155.71
India,2023-09-24,72.5,67.17,155.71
India,2023-09-25,72.5,67.17,155.71
India,2023-09-26,72.5,67.17,155.71
India,2023-09-27,72.5,67.17,155.71
India,2023-09-28,72.5,67.17,155.71
India,2023-09-29,72.5,67.17,155.71
India,2023-09-30,72.5,67.17,155.71
India,2023-10-01,72.5,67.17,155.71
India,2023-10-02,,,
India,2023-10-03,72.5,67.17,155.71
India,2023-10-04,72.5,67.17,155.71
India,2023-10-05,72.5,67.17,155.71
India,2023-10-06,72.5,67.17,155.71
India,2023-10-07,72.5,67.17,155.71
India,2023-10-08,72.5,67.17,155.71
India,2023-10-09,72.5,67.17,155.71
India,2023-10-10,72.5,67.17,155.71
India,2023-10-11,72.5,67.17,155.71
India,2023-10-12,72.5,67.17,155.71
India,2023-10-13,72.5,67.17,155.71
India,2023-10-14,72.5,67.17,155.71
India,2023-10-15,72.5,67.17,155.71
India,2023-10-16,72.5,67.17,155.71
India,2023-10-17,72.5,67.17,155.71
India,2023-10-18,72.5,67.17,155.71
India,2023-10-19,72.5,67.17,155.71
India,2023-10-20,72.5,67.17,155.71
India,2023-10-21,72.5,67.17,155.71
India,2023-10-22,72.5,67.17,155.71
India,2023-10-23,72.5,67.17,155.71
United Kingdom,2020-01-03,,,
United Kingdom,2020-01-04,,,
United Kingdom,2020-01-05,,,
United Kingdom,2020-01-06,,,
United Kingdom,2020-01-07,,,
United Kingdom,2020-01-08,,,
United Kingdom,2020-01-09,,,
United Kingdom,2020-01-10,,,
United Kingdom,2020-01-11,,,
United Kingdom,2020-01-12,,,
United Kingdom,2020-01-13,,,
United Kingdom,2020-01-14,,,
United Kingdom,2020-01-15,,,
United Kingdom,2020-01-16,,,
United Kingdom,2020-01-17,,,
United Kingdom,2020-01-18,,,
United Kingdom,2020-01-19,,,
United Kingdom,2020-01-20,,,
United Kingdom,2020-01-21,,,
United Kingdom,2020-01-22,,,
United Kingdom,2020-01-23,,,
United Kingdom,2020-01-24,,,
United Kingdom,2020-01-25,,,
United Kingdom,2020-01-26,,,
United Kingdom,2020-01-27,,,
United Kingdom,2020-01-28,,,
United Kingdom,2020-01-29,,,
United Kingdom,2020-01-30,,,
United Kingdom,2020-01-31,,,
United Kingdom,2020-02-01,,,
United Kingdom,2020-02-02,,,
United Kingdom,2020-02-03,,,
United Kingdom,2020-02-04,,,
United Kingdom,2020-02-05,,,
United Kingdom,2020-02-06,,,
United Kingdom,2020-02-07,,,
United Kingdom,2020-02-08,,,
United Kingdom,2020-02-09,,,
United Kingdom,2020-02-10,,,
United Kingdom,2020-02-11,,,
United Kingdom,2020-02-12,,,
United Kingdom,2020-02-13,,,
United Kingdom,2020-02-14,,,
United Kingdom,2020-02-15,,,
United Kingdom,2020-02-16,,,
United Kingdom,2020-02-17,,,
United Kingdom,2020-02-18,,,
United Kingdom,2020-02-19,,,
United Kingdom,2020-02-20,,,
United Kingdom,2020-02-21,,,
United Kingdom,2020-02-22,,,
United Kingdom,2020-02-23,,,
United Kingdom,2020-02-24,,,
United Kingdom,2020-02-25,,,
United Kingdom,2020-02-26,,,
United Kingdom,2020-02-27,,,
United Kingdom,2020-02-28,,,
United Kingdom,2020-02-29,,,
United Kingdom,2020-03-01,,,
United Kingdom,2020-03-02,,,
United Kingdom,2020-03-03,,,
United Kingdom,2020-03-04,,,
United Kingdom,2020-03-05,,,
United Kingdom,2020-03-06,,,
United Kingdom,2020-03-07,,,
United Kingdom,2020-03-08,,,
United Kingdom,2020-03-09,,,
United Kingdom,2020-03-10,,,
United Kingdom,2020-03-11,,,
United Kingdom,2020-03-12,,,
United Kingdom,2020-03-13,,,
United Kingdom,2020-03-14,,,
United Kingdom,2020-03-15,,,
United Kingdom,2020-03-16,,,
United Kingdom,2020-03-17,,,
United Kingdom,2020-03-18,,,
United Kingdom,2020-03-19,,,
United Kingdom,2020-03-20,,,
United Kingdom,2020-03-21,,,
United Kingdom,2020-03-22,,,
United Kingdom,2020-03-23,,,
United Kingdom,2020-03-24,,,
United Kingdom,2020-03-25,,,
United Kingdom,2020-03-26,,,
United Kingdom,2020-03-27,,,
United Kingdom,2020-03-28,,,
United Kingdom,2020-03-29,,,
United Kingdom,2020-03-30,,,
United Kingdom,2020-03-31,,,
United Kingdom,2020-04-01,,,
United Kingdom,2020-04-02,,,
United Kingdom,2020-04-03,,,
United Kingdom,2020-04-04,,,
United Kingdom,2020-04-05,,,
United Kingdom,2020-04-06,,,
United Kingdom,2020-04-07,,,
United Kingdom,2020-04-08,,,
United Kingdom,2020-04-09,,,
United Kingdom,2020-04-10,,,
United Kingdom,2020-04-11,,,
United Kingdom,2020-04-12,,,
United Kingdom,2020-04-13,,,
United Kingdom,2020-04-14,,,
United Kingdom,2020-04-15,,,
United Kingdom,2020-04-16,,,
United Kingdom,2020-04-17,,,
United Kingdom,2020-04-18,,,
United Kingdom,2020-04-19,,,
United Kingdom,2020-04-20,,,
United Kingdom,2020-04-21,,,
United Kingdom,2020-04-22,,,
United Kingdom,2020-04-23,,,
United Kingdom,2020-04-24,,,
United Kingdom,2020-04-25,,,
United Kingdom,2020-04-26,,,
United Kingdom,2020-04-27,,,
United Kingdom,2020-04-28,,,
United Kingdom,2020-04-29,,,
United Kingdom,2020-04-30,,,
United Kingdom,2020-05-01,,,
United Kingdom,2020-05-02,,,
United Kingdom,2020-05-03,,,
United Kingdom,2020-05-04,,,
United Kingdom,2020-05-05,,,
United Kingdom,2020-05-06,,,
United Kingdom,2020-05-07,,,
United Kingdom,2020-05-08,,,
United Kingdom,2020-05-09,,,
United Kingdom,2020-05-10,,,
United Kingdom,2020-05-11,,,
United Kingdom,2020-05-12,,,
United Kingdom,2020-05-13,,,
United Kingdom,2020-05-14,,,
United Kingdom,2020-05-15,,,
United Kingdom,2020-05-16,,,
United Kingdom,2020-05-17,,,
United Kingdom,2020-05-18,,,
United Kingdom,2020-05-19,,,
United Kingdom,2020-05-20,,,
United Kingdom,2020-05-21,,,
United Kingdom,2020-05-22,,,
United Kingdom,2020-05-23,,,
United Kingdom,2020-05-24,,,
United Kingdom,2020-05-25,,,
United Kingdom,2020-05-26,,,
United Kingdom,2020-05-27,,,
United Kingdom,2020-05-28,,,
United Kingdom,2020-05-29,,,
United Kingdom,2020-05-30,,,
United Kingdom,2020-05-31,,,
United Kingdom,2020-06-01,,,
United Kingdom,2020-06-02,,,
United Kingdom,2020-06-03,,,
United Kingdom,2020-06-04,,,
United Kingdom,2020-06-05,,,
United Kingdom,2020-06-06,,,
United Kingdom,2020-06-07,,,
United Kingdom,2020-06-08,,,
United Kingdom,2020-06-09,,,
United Kingdom,2020-06-10,,,
United Kingdom,2020-06-11,,,
United Kingdom,2020-06-12,,,
United Kingdom,2020-06-13,,,
United Kingdom,2020-06-14,,,
United Kingdom,2020-06-15,,,
United Kingdom,2020-06-16,,,
United Kingdom,2020-06-17,,,
United Kingdom,2020-06-18,,,
United Kingdom,2020-06-19,,,
United Kingdom,2020-06-20,,,
United Kingdom,2020-06-21,,,
United Kingdom,2020-06-22,,,
United Kingdom,2020-06-23,,,
United Kingdom,2020-06-24,,,
United Kingdom,2020-06-25,,,
United Kingdom,2020-06-26,,,
United Kingdom,2020-06-27,,,
United Kingdom,2020-06-28,,,
United Kingdom,2020-06-29,,,
United Kingdom,2020-06-30,,,
United Kingdom,2020-07-01,,,
United Kingdom,2020-07-02,,,
United Kingdom,2020-07-03,,,
United Kingdom,2020-07-04,,,
United Kingdom,2020-07-05,,,
United Kingdom,2020-07-06,,,
United Kingdom,2020-07-07,,,
United Kingdom,2020-07-08,,,
United Kingdom,2020-07-09,,,
United Kingdom,2020-07-10,,,
United Kingdom,2020-07-11,,,
United Kingdom,2020-07-12,,,
United Kingdom,2020-07-13,,,
United Kingdom,2020-07-14,,,
United Kingdom,2020-07-15,,,
United Kingdom,2020-07-16,,,
United Kingdom,2020-07-17,,,
United Kingdom,2020-07-18,,,
United Kingdom,2020-07-19,,,
United Kingdom,2020-07-20,,,
United Kingdom,2020-07-21,,,
United Kingdom,2020-07-22,,,
United Kingdom,2020-07-23,,,
United Kingdom,2020-07-24,,,
United Kingdom,2020-07-25,,,
United Kingdom,2020-07-26,,,
United Kingdom,2020-07-27,,,
United Kingdom,2020-07-28,,,
United Kingdom,2020-07-29,,,
United Kingdom,2020-07-30,,,
United Kingdom,2020-07-31,,,
United Kingdom,2020-08-01,,,
United Kingdom,2020-08-02,,,
United Kingdom,2020-08-03,,,
United Kingdom,2020-08-04,,,
United Kingdom,2020-08-05,,,
United Kingdom,2020-08-06,,,
United Kingdom,2020-08-07,,,
United Kingdom,2020-08-08,,,
United Kingdom,2020-08-09,,,
United Kingdom,2020-08-10,,,
United Kingdom,2020-08-11,,,
United Kingdom,2020-08-12,,,
United Kingdom,2020-08-13,,,
United Kingdom,2020-08-14,,,
United Kingdom,2020-08-15,,,
United Kingdom,2020-08-16,,,
United Kingdom,2020-08-17,,,
United Kingdom,2020-08-18,,,
United Kingdom,2020-08-19,,,
United Kingdom,2020-08-20,,,
United Kingdom,2020-08-21,,,
United Kingdom,2020-08-22,,,
United Kingdom,2020-08-23,,,
United Kingdom,2020-08-24,,,
United Kingdom,2020-08-25,,,
United Kingdom,2020-08-26,,,
United Kingdom,2020-08-27,,,
United Kingdom,2020-08-28,,,
United Kingdom,2020-08-29,,,
United Kingdom,2020-08-30,,,
United Kingdom,2020-08-31,,,
United Kingdom,2020-09-01,,,
United Kingdom,2020-09-02,,,
United Kingdom,2020-09-03,,,
United Kingdom,2020-09-04,,,
United Kingdom,2020-09-05,,,
United Kingdom,2020-09-06,,,
United Kingdom,2020-09-07,,,
United Kingdom,2020-09-08,,,
United Kingdom,2020-09-09,,,
United Kingdom,2020-09-10,,,
United Kingdom,2020-09-11,,,
United Kingdom,2020-09-12,,,
United Kingdom,2020-09-13,,,
United Kingdom,2020-09-14,,,
United Kingdom,2020-09-15,,,
United Kingdom,2020-09-16,,,
United Kingdom,2020-09-17,,,
United Kingdom,2020-09-18,,,
United Kingdom,2020-09-19,,,
United Kingdom,2020-09-20,,,
United Kingdom,2020-09-21,,,
United Kingdom,2020-09-22,,,
United Kingdom,2020-09-23,,,
United Kingdom,2020-09-24,,,
United Kingdom,2020-09-25,,,
United Kingdom,2020-09-26,,,
United Kingdom,2020-09-27,,,
United Kingdom,2020-09-28,,,
United Kingdom,2020-09-29,,,
United Kingdom,2020-09-30,,,
United Kingdom,2020-10-01,,,
United Kingdom,2020-10-02,,,
United Kingdom,2020-10-03,,,
United Kingdom,2020-10-04,,,
United Kingdom,2020-10-05,,,
United Kingdom,2020-10-06,,,
United Kingdom,2020-10-07,,,
United Kingdom,2020-10-08,,,
United Kingdom,2020-10-09,,,
United Kingdom,2020-10-10,,,
United Kingdom,2020-10-11,,,
United Kingdom,2020-10-12,,,
United Kingdom,2020-10-13,,,
United Kingdom,2020-10-14,,,
United Kingdom,2020-10-15,,,
United Kingdom,2020-10-16,,,
United Kingdom,2020-10-17,,,
United Kingdom,2020-10-18,,,
United Kingdom,2020-10-19,,,
United Kingdom,2020-10-20,,,
United Kingdom,2020-10-21,,,
United Kingdom,2020-10-22,,,
United Kingdom,2020-10-23,,,
United Kingdom,2020-10-24,,,
United Kingdom,2020-10-25,,,
United Kingdom,2020-10-26,,,
United Kingdom,2020-10-27,,,
United Kingdom,2020-10-28,,,
United Kingdom,2020-10-29,,,
United Kingdom,2020-10-30,,,
United Kingdom,2020-10-31,,,
United Kingdom,2020-11-01,,,
United Kingdom,2020-11-02,,,
United Kingdom,2020-11-03,,,
United Kingdom,2020-11-04,,,
United Kingdom,2020-11-05,,,
United Kingdom,2020-11-06,,,
United Kingdom,2020-11-07,,,
United Kingdom,2020-11-08,,,
United Kingdom,2020-11-09,,,
United Kingdom,2020-11-10,,,
United Kingdom,2020-11-11,,,
United Kingdom,2020-11-12,,,
United Kingdom,2020-11-13,,,
United Kingdom,2020-11-14,,,
United Kingdom,2020-11-15,,,
United Kingdom,2020-11-16,,,
United Kingdom,2020-11-17,,,
United Kingdom,2020-11-18,,,
United Kingdom,2020-11-19,,,
United Kingdom,2020-11-20,,,
United Kingdom,2020-11-21,,,
United Kingdom,2020-11-22,,,
United Kingdom,2020-11-23,,,
United Kingdom,2020-11-24,,,
United Kingdom,2020-11-25,,,
United Kingdom,2020-11-26,,,
United Kingdom,2020-11-27,,,
United Kingdom,2020-11-28,,,
United Kingdom,2020-11-29,,,
United Kingdom,2020-11-30,,,
United Kingdom,2020-12-01,,,
United Kingdom,2020-12-02,,,
United Kingdom,2020-12-03,,,
United Kingdom,2020-12-04,,,
United Kingdom,2020-12-05,,,
United Kingdom,2020-12-06,,,
United Kingdom,2020-12-07,,,
United Kingdom,2020-12-08,,,
United Kingdom,2020-12-09,,,
United Kingdom,2020-12-10,,,
United Kingdom,2020-12-11,,,
United Kingdom,2020-12-12,,,
United Kingdom,2020-12-13,,,
United Kingdom,2020-12-14,,,
United Kingdom,2020-12-15,,,
United Kingdom,2020-12-16,,,
United Kingdom,2020-12-17,,,
United Kingdom,2020-12-18,,,
United Kingdom,2020-12-19,,,
United Kingdom,2020-12-20,,,
United Kingdom,2020-12-21,,,
United Kingdom,2020-12-22,,,
United Kingdom,2020-12-23,,,
United Kingdom,2020-12-24,,,
United Kingdom,2020-12-25,,,
United Kingdom,2020-12-26,,,
United Kingdom,2020-12-27,,,
United Kingdom,2020-12-28,,,
United Kingdom,2020-12-29,,,
United Kingdom,2020-12-30,,,
United Kingdom,2020-12-31,,,
United Kingdom,2021-01-01,,,
United Kingdom,2021-01-02,,,
United Kingdom,2021-01-03,,,
United Kingdom,2021-01-04,,,
United Kingdom,2021-01-05,,,
United Kingdom,2021-01-06,,,
United Kingdom,2021-01-07,,,
United Kingdom,2021-01-08,,,
United Kingdom,2021-01-09,,,
United Kingdom,2021-01-10,3.39,0.58,3.97
United Kingdom,2021-01-11,3.6,0.61,4.21
United Kingdom,2021-01-12,3.91,0.63,4.54
United Kingdom,2021-01-13,4.32,0.65,4.97
United Kingdom,2021-01-14,4.79,0.66,5.45
United Kingdom,2021-01-15,5.3,0.66,5.96
United Kingdom,2021-01-16,5.74,0.67,6.4
United Kingdom,2021-01-17,6.02,0.67,6.69
United Kingdom,2021-01-18,6.32,0.68,7.0
United Kingdom,2021-01-19,6.83,0.68,7.51
United Kingdom,2021-01-20,7.37,0.69,8.05
United Kingdom,2021-01-21,7.97,0.69,8.67
United Kingdom,2021-01-22,8.68,0.69,9.38
United Kingdom,2021-01-23,9.41,0.7,10.11
United Kingdom,2021-01-24,9.74,0.7,10.43
United Kingdom,2021-01-25,10.15,0.7,10.85
United Kingdom,2021-01-26,10.61,0.7,11.31
United Kingdom,2021-01-27,11.08,0.71,11.78
United Kingdom,2021-01-28,11.69,0.71,12.4
United Kingdom,2021-01-29,12.41,0.71,13.12
United Kingdom,2021-01-30,13.3,0.73,14.03
United Kingdom,2021-01-31,13.77,0.73,14.5
United Kingdom,2021-02-01,14.29,0.74,15.03
United Kingdom,2021-02-02,14.84,0.74,15.58
United Kingdom,2021-02-03,15.54,0.74,16.28
United Kingdom,2021-02-04,16.25,0.75,17.0
United Kingdom,2021-02-05,16.98,0.76,17.74
United Kingdom,2021-02-06,17.8,0.76,18.56
United Kingdom,2021-02-07,18.21,0.76,18.97
United Kingdom,2021-02-08,18.73,0.76,19.5
United Kingdom,2021-02-09,19.34,0.77,20.11
United Kingdom,2021-02-10,20.01,0.78,20.79
United Kingdom,2021-02-11,20.76,0.79,21.54
United Kingdom,2021-02-12,21.56,0.79,22.36
United Kingdom,2021-02-13,22.31,0.8,23.11
United Kingdom,2021-02-14,22.66,0.8,23.46
United Kingdom,2021-02-15,23.07,0.81,23.88
United Kingdom,2021-02-16,23.61,0.83,24.44
United Kingdom,2021-02-17,24.33,0.85,25.18
United Kingdom,2021-02-18,25.0,0.87,25.87
United Kingdom,2021-02-19,25.55,0.9,26.44
United Kingdom,2021-02-20,26.04,0.91,26.96
United Kingdom,2021-02-21,26.25,0.92,27.18
United Kingdom,2021-02-22,26.54,0.95,27.49
United Kingdom,2021-02-23,27.02,0.99,28.01
United Kingdom,2021-02-24,27.69,1.04,28.73
United Kingdom,2021-02-25,28.41,1.09,29.5
United Kingdom,2021-02-26,29.15,1.14,30.29
United Kingdom,2021-02-27,29.76,1.18,30.94
United Kingdom,2021-02-28,30.03,1.21,31.24
United Kingdom,2021-03-01,30.33,1.25,31.59
United Kingdom,2021-03-02,30.67,1.33,31.99
United Kingdom,2021-03-03,31.08,1.43,32.51
United Kingdom,2021-03-04,31.64,1.53,33.17
United Kingdom,2021-03-05,32.29,1.62,33.9
United Kingdom,2021-03-06,32.9,1.66,34.57
United Kingdom,2021-03-07,33.15,1.69,34.84
United Kingdom,2021-03-08,33.47,1.75,35.22
United Kingdom,2021-03-09,33.79,1.86,35.65
United Kingdom,2021-03-10,34.15,2.0,36.15
United Kingdom,2021-03-11,34.54,2.14,36.68
United Kingdom,2021-03-12,35.08,2.27,37.35
United Kingdom,2021-03-13,35.84,2.35,38.19
United Kingdom,2021-03-14,36.22,2.39,38.61
United Kingdom,2021-03-15,36.79,2.46,39.26
United Kingdom,2021-03-16,37.44,2.61,40.04
United Kingdom,2021-03-17,38.12,2.78,40.9
United Kingdom,2021-03-18,38.9,2.98,41.88
United Kingdom,2021-03-19,39.81,3.17,42.98
United Kingdom,2021-03-20,40.93,3.3,44.23
United Kingdom,2021-03-21,41.47,3.38,44.85
United Kingdom,2021-03-22,41.96,3.5,45.46
United Kingdom,2021-03-23,42.44,3.75,46.2
United Kingdom,2021-03-24,42.94,4.11,47.06
United Kingdom,2021-03-25,43.43,4.46,47.88
United Kingdom,2021-03-26,44.03,4.88,48.91
United Kingdom,2021-03-27,44.66,5.23,49.9
United Kingdom,2021-03-28,45.1,5.45,50.55
United Kingdom,2021-03-29,45.45,5.7,51.15
United Kingdom,2021-03-30,45.78,6.11,51.9
United Kingdom,2021-03-31,46.14,6.69,52.82
United Kingdom,2021-04-01,46.39,7.35,53.74
United Kingdom,2021-04-02,46.55,7.71,54.26
United Kingdom,2021-04-03,46.71,7.98,54.69
United Kingdom,2021-04-04,46.78,8.05,54.83
United Kingdom,2021-04-05,46.84,8.14,54.98
United Kingdom,2021-04-06,46.97,8.42,55.39
United Kingdom,2021-04-07,47.12,9.02,56.14
United Kingdom,2021-04-08,47.26,9.69,56.95
United Kingdom,2021-04-09,47.42,10.36,57.77
United Kingdom,2021-04-10,47.58,11.06,58.64
United Kingdom,2021-04-11,47.68,11.34,59.02
United Kingdom,2021-04-12,47.77,11.64,59.41
United Kingdom,2021-04-13,47.88,12.1,59.99
United Kingdom,2021-04-14,48.06,12.61,60.67
United Kingdom,2021-04-15,48.25,13.23,61.48
United Kingdom,2021-04-16,48.45,13.97,62.42
United Kingdom,2021-04-17,48.66,14.71,63.37
United Kingdom,2021-04-18,48.78,15.04,63.82
United Kingdom,2021-04-19,48.93,15.44,64.37
United Kingdom,2021-04-20,49.09,15.96,65.05
United Kingdom,2021-04-21,49.26,16.58,65.84
United Kingdom,2021-04-22,49.46,17.22,66.68
United Kingdom,2021-04-23,49.66,17.91,67.57
United Kingdom,2021-04-24,49.88,18.72,68.6
United Kingdom,2021-04-25,50.0,19.1,69.1
United Kingdom,2021-04-26,50.13,19.56,69.69
United Kingdom,2021-04-27,50.3,20.12,70.42
United Kingdom,2021-04-28,50.5,20.8,71.31
United Kingdom,2021-04-29,50.68,21.53,72.22
United Kingdom,2021-04-30,50.9,22.16,73.06
United Kingdom,2021-05-01,51.11,22.71,73.82
United Kingdom,2021-05-02,51.25,22.96,74.21
United Kingdom,2021-05-03,51.35,23.15,74.51
United Kingdom,2021-05-04,51.54,23.53,75.08
United Kingdom,2021-05-05,51.75,24.13,75.88
United Kingdom,2021-05-06,51.95,24.83,76.78
United Kingdom,2021-05-07,52.15,25.52,77.67
United Kingdom,2021-05-08,52.4,26.17,78.57
United Kingdom,2021-05-09,52.54,26.45,79.0
United Kingdom,2021-05-10,52.72,26.79,79.51
United Kingdom,2021-05-11,52.92,27.31,80.23
United Kingdom,2021-05-12,53.19,27.98,81.17
United Kingdom,2021-05-13,53.5,28.62,82.12
United Kingdom,2021-05-14,53.82,29.2,83.02
United Kingdom,2021-05-15,54.18,29.78,83.95
United Kingdom,2021-05-16,54.37,30.05,84.42
United Kingdom,2021-05-17,54.53,30.44,84.96
United Kingdom,2021-05-18,54.79,30.92,85.7
United Kingdom,2021-05-19,55.18,31.46,86.64
United Kingdom,2021-05-20,55.58,32.08,87.66
United Kingdom,2021-05-21,55.9,32.72,88.62
United Kingdom,2021-05-22,56.21,33.54,89.75
United Kingdom,2021-05-23,56.39,33.91,90.31
United Kingdom,2021-05-24,56.57,34.41,90.98
United Kingdom,2021-05-25,56.85,34.98,91.83
United Kingdom,2021-05-26,57.2,35.62,92.82
United Kingdom,2021-05-27,57.58,36.26,93.84
United Kingdom,2021-05-28,57.88,36.9,94.79
United Kingdom,2021-05-29,58.15,37.53,95.68
United Kingdom,2021-05-30,58.34,37.83,96.17
United Kingdom,2021-05-31,58.48,38.12,96.6
United Kingdom,2021-06-01,58.64,38.62,97.26
United Kingdom,2021-06-02,58.89,39.14,98.03
United Kingdom,2021-06-03,59.18,39.7,98.88
United Kingdom,2021-06-04,59.44,40.27,99.72
United Kingdom,2021-06-05,59.75,40.97,100.72
United Kingdom,2021-06-06,59.93,41.36,101.29
United Kingdom,2021-06-07,60.1,41.81,101.91
United Kingdom,2021-06-08,60.3,42.28,102.58
United Kingdom,2021-06-09,60.57,42.75,103.31
United Kingdom,2021-06-10,60.86,43.2,104.07
United Kingdom,2021-06-11,61.17,43.66,104.83
United Kingdom,2021-06-12,61.55,44.13,105.68
United Kingdom,2021-06-13,61.77,44.4,106.17
United Kingdom,2021-06-14,61.96,44.75,106.71
United Kingdom,2021-06-15,62.25,45.09,107.34
United Kingdom,2021-06-16,62.53,45.44,107.97
United Kingdom,2021-06-17,62.9,45.77,108.67
United Kingdom,2021-06-18,63.23,46.07,109.3
United Kingdom,2021-06-19,63.64,46.42,110.07
United Kingdom,2021-06-20,63.88,46.59,110.47
United Kingdom,2021-06-21,63.92,46.64,110.56
United Kingdom,2021-06-22,64.36,47.02,111.38
United Kingdom,2021-06-23,64.67,47.27,111.93
United Kingdom,2021-06-24,65.0,47.53,112.52
United Kingdom,2021-06-25,65.3,47.79,113.08
United Kingdom,2021-06-26,65.64,48.08,113.73
United Kingdom,2021-06-27,65.85,48.27,114.12
United Kingdom,2021-06-28,66.04,48.47,114.51
United Kingdom,2021-06-29,66.24,48.69,114.94
United Kingdom,2021-06-30,66.45,48.95,115.41
United Kingdom,2021-07-01,66.68,49.24,115.92
United Kingdom,2021-07-02,66.86,49.5,116.36
United Kingdom,2021-07-03,67.06,49.79,116.86
United Kingdom,2021-07-04,67.18,49.96,117.14
United Kingdom,2021-07-05,67.29,50.18,117.47
United Kingdom,2021-07-06,67.42,50.4,117.82
United Kingdom,2021-07-07,67.55,50.66,118.21
United Kingdom,2021-07-08,67.69,50.92,118.61
United Kingdom,2021-07-09,67.83,51.18,119.01
United Kingdom,2021-07-10,67.96,51.5,119.46
United Kingdom,2021-07-11,68.03,51.66,119.68
United Kingdom,2021-07-12,68.11,51.84,119.95
United Kingdom,2021-07-13,68.19,52.08,120.27
United Kingdom,2021-07-14,68.28,52.35,120.63
United Kingdom,2021-07-15,68.37,52.65,121.02
United Kingdom,2021-07-16,68.48,52.95,121.43
United Kingdom,2021-07-17,68.58,53.28,121.86
United Kingdom,2021-07-18,68.6,53.47,122.08
United Kingdom,2021-07-19,68.66,53.69,122.34
United Kingdom,2021-07-20,68.71,53.93,122.64
United Kingdom,2021-07-21,68.78,54.2,122.98
United Kingdom,2021-07-22,68.85,54.48,123.32
United Kingdom,2021-07-23,68.91,54.76,123.67
United Kingdom,2021-07-24,68.98,55.06,124.03
United Kingdom,2021-07-25,69.01,55.23,124.25
United Kingdom,2021-07-26,69.06,55.45,124.51
United Kingdom,2021-07-27,69.11,55.68,124.79
United Kingdom,2021-07-28,69.17,55.93,125.11
United Kingdom,2021-07-29,69.24,56.2,125.44
United Kingdom,2021-07-30,69.29,56.45,125.74
United Kingdom,2021-07-31,69.35,56.77,126.11
United Kingdom,2021-08-01,69.38,56.94,126.32
United Kingdom,2021-08-02,69.42,57.13,126.55
United Kingdom,2021-08-03,69.46,57.34,126.8
United Kingdom,2021-08-04,69.51,57.58,127.1
United Kingdom,2021-08-05,69.56,57.84,127.4
United Kingdom,2021-08-06,69.62,58.09,127.71
United Kingdom,2021-08-07,69.67,58.41,128.08
United Kingdom,2021-08-08,69.71,58.59,128.3
United Kingdom,2021-08-09,69.76,58.79,128.55
United Kingdom,2021-08-10,69.81,59.01,128.83
United Kingdom,2021-08-11,69.87,59.27,129.15
United Kingdom,2021-08-12,69.94,59.56,129.5
United Kingdom,2021-08-13,70.0,59.81,129.81
United Kingdom,2021-08-14,70.07,60.11,130.17
United Kingdom,2021-08-15,70.11,60.29,130.41
United Kingdom,2021-08-16,70.17,60.5,130.67
United Kingdom,2021-08-17,70.23,60.71,130.95
United Kingdom,2021-08-18,70.3,60.97,131.27
United Kingdom,2021-08-19,70.39,61.22,131.61
United Kingdom,2021-08-20,70.48,61.47,131.95
United Kingdom,2021-08-21,70.58,61.76,132.35
United Kingdom,2021-08-22,70.64,61.93,132.58
United Kingdom,2021-08-23,70.71,62.13,132.84
United Kingdom,2021-08-24,70.79,62.32,133.12
United Kingdom,2021-08-25,70.9,62.56,133.46
United Kingdom,2021-08-26,70.98,62.78,133.75
United Kingdom,2021-08-27,71.04,62.97,134.01
United Kingdom,2021-08-28,71.11,63.17,134.28
United Kingdom,2021-08-29,71.14,63.29,134.43
United Kingdom,2021-08-30,71.17,63.39,134.56
United Kingdom,2021-08-31,71.23,63.56,134.79
United Kingdom,2021-09-01,71.3,63.73,135.03
United Kingdom,2021-09-02,71.36,63.91,135.26
United Kingdom,2021-09-03,71.41,64.07,135.48
United Kingdom,2021-09-04,71.47,64.26,135.73
United Kingdom,2021-09-05,71.5,64.37,135.87
United Kingdom,2021-09-06,71.54,64.49,136.02
United Kingdom,2021-09-07,71.57,64.62,136.19
United Kingdom,2021-09-08,71.61,64.75,136.36
United Kingdom,2021-09-09,71.65,64.89,136.54
United Kingdom,2021-09-10,71.69,65.02,136.71
United Kingdom,2021-09-11,71.73,65.17,136.9
United Kingdom,2021-09-12,71.75,65.25,137.0
United Kingdom,2021-09-13,71.78,65.34,137.12
United Kingdom,2021-09-14,71.81,65.44,137.24
United Kingdom,2021-09-15,71.84,65.53,137.37
United Kingdom,2021-09-16,71.88,65.62,137.5
United Kingdom,2021-09-17,71.91,65.71,137.62
United Kingdom,2021-09-18,71.95,65.82,137.77
United Kingdom,2021-09-19,71.97,65.87,137.84
United Kingdom,2021-09-20,72.0,65.94,137.94
United Kingdom,2021-09-21,72.03,66.01,138.03
United Kingdom,2021-09-22,72.06,66.07,138.13
United Kingdom,2021-09-23,72.1,66.14,138.24
United Kingdom,2021-09-24,72.14,66.2,138.34
United Kingdom,2021-09-25,72.18,66.27,138.45
United Kingdom,2021-09-26,72.2,66.31,138.51
United Kingdom,2021-09-27,72.24,66.36,138.6
United Kingdom,2021-09-28,72.28,66.41,138.69
United Kingdom,2021-09-29,72.33,66.46,138.79
United Kingdom,2021-09-30,72.38,66.51,140.18
United Kingdom,2021-10-01,72.44,66.56,140.51
United Kingdom,2021-10-02,72.48,66.61,140.9
United Kingdom,2021-10-03,72.52,66.65,141.1
United Kingdom,2021-10-04,72.57,66.69,141.38
United Kingdom,2021-10-05,72.64,66.73,141.72
United Kingdom,2021-10-06,72.68,66.77,142.05
United Kingdom,2021-10-07,72.73,66.82,142.4
United Kingdom,2021-10-08,72.78,66.86,142.75
United Kingdom,2021-10-09,72.83,66.91,143.22
United Kingdom,2021-10-10,72.86,66.94,143.42
United Kingdom,2021-10-11,72.9,66.97,143.68
United Kingdom,2021-10-12,72.96,67.01,144.02
United Kingdom,2021-10-13,73.02,67.06,144.8
United Kingdom,2021-10-14,73.08,67.1,145.26
United Kingdom,2021-10-15,73.14,67.14,145.69
United Kingdom,2021-10-16,73.18,67.19,146.24
United Kingdom,2021-10-17,73.21,67.22,146.47
United Kingdom,2021-10-18,73.27,67.25,146.82
United Kingdom,2021-10-19,73.33,67.3,147.28
United Kingdom,2021-10-20,73.4,67.34,147.77
United Kingdom,2021-10-21,73.48,67.38,148.79
United Kingdom,2021-10-22,73.54,67.42,149.34
United Kingdom,2021-10-23,73.6,67.46,149.99
United Kingdom,2021-10-24,73.64,67.49,150.31
United Kingdom,2021-10-25,73.7,67.52,150.76
United Kingdom,2021-10-26,73.76,67.56,151.25
United Kingdom,2021-10-27,73.82,67.59,151.77
United Kingdom,2021-10-28,73.89,67.62,152.32
United Kingdom,2021-10-29,73.95,67.66,152.83
United Kingdom,2021-10-30,74.0,67.69,153.48
United Kingdom,2021-10-31,74.05,67.71,153.78
United Kingdom,2021-11-01,74.1,67.74,154.22
United Kingdom,2021-11-02,74.17,67.77,154.76
United Kingdom,2021-11-03,74.23,67.8,155.38
United Kingdom,2021-11-04,74.3,67.83,155.97
United Kingdom,2021-11-05,74.36,67.86,156.55
United Kingdom,2021-11-06,74.42,67.9,157.26
United Kingdom,2021-11-07,74.45,67.92,157.64
United Kingdom,2021-11-08,74.5,67.95,158.13
United Kingdom,2021-11-09,74.56,67.98,158.72
United Kingdom,2021-11-10,74.74,68.05,159.76
United Kingdom,2021-11-11,74.79,68.09,160.39
United Kingdom,2021-11-12,74.84,68.12,161.01
United Kingdom,2021-11-13,74.89,68.16,161.78
United Kingdom,2021-11-14,74.93,68.18,162.16
United Kingdom,2021-11-15,74.97,68.21,162.66
United Kingdom,2021-11-16,75.02,68.24,163.25
United Kingdom,2021-11-17,75.07,68.27,163.9
United Kingdom,2021-11-18,75.11,68.3,164.55
United Kingdom,2021-11-19,75.15,68.33,165.16
United Kingdom,2021-11-20,75.19,68.37,165.92
United Kingdom,2021-11-21,75.22,68.39,166.31
United Kingdom,2021-11-22,75.25,68.42,166.83
United Kingdom,2021-11-23,75.29,68.45,167.45
United Kingdom,2021-11-24,75.33,68.48,168.08
United Kingdom,2021-11-25,75.36,68.52,168.73
United Kingdom,2021-11-26,75.39,68.55,169.34
United Kingdom,2021-11-27,75.43,68.6,170.12
United Kingdom,2021-11-28,75.46,68.64,170.61
United Kingdom,2021-11-29,75.49,68.68,171.16
United Kingdom,2021-11-30,75.54,68.73,171.83
United Kingdom,2021-12-01,75.58,68.78,172.52
United Kingdom,2021-12-02,75.61,68.82,173.23
United Kingdom,2021-12-03,75.65,68.87,173.88
United Kingdom,2021-12-04,75.69,68.92,174.67
United Kingdom,2021-12-05,75.72,68.96,175.17
United Kingdom,2021-12-06,75.75,69.0,175.73
United Kingdom,2021-12-07,75.79,69.04,176.38
United Kingdom,2021-12-08,75.82,69.09,177.07
United Kingdom,2021-12-09,75.85,69.14,177.85
United Kingdom,2021-12-10,75.89,69.18,178.57
United Kingdom,2021-12-11,75.92,69.24,179.48
United Kingdom,2021-12-12,75.96,69.29,180.15
United Kingdom,2021-12-13,75.99,69.33,180.98
United Kingdom,2021-12-14,76.04,69.39,182.06
United Kingdom,2021-12-15,76.08,69.44,183.26
United Kingdom,2021-12-16,76.13,69.51,184.65
United Kingdom,2021-12-17,76.18,69.57,186.03
United Kingdom,2021-12-18,76.23,69.64,187.54
United Kingdom,2021-12-19,76.28,69.7,188.91
United Kingdom,2021-12-20,76.34,69.77,190.37
United Kingdom,2021-12-21,76.4,69.85,191.94
United Kingdom,2021-12-22,76.46,69.93,193.33
United Kingdom,2021-12-23,76.51,70.0,194.34
United Kingdom,2021-12-24,76.52,70.02,194.62
United Kingdom,2021-12-25,76.53,70.02,194.64
United Kingdom,2021-12-26,76.53,70.02,194.68
United Kingdom,2021-12-27,76.56,70.06,195.15
United Kingdom,2021-12-28,76.59,70.1,195.71
United Kingdom,2021-12-29,76.64,70.17,196.47
United Kingdom,2021-12-30,76.69,70.23,197.17
United Kingdom,2021-12-31,76.71,70.26,197.47
United Kingdom,2022-01-01,76.71,70.27,197.51
United Kingdom,2022-01-02,76.73,70.29,197.72
United Kingdom,2022-01-03,76.76,70.34,198.0
United Kingdom,2022-01-04,76.8,70.4,198.43
United Kingdom,2022-01-05,76.84,70.46,198.9
United Kingdom,2022-01-06,76.87,70.51,199.33
United Kingdom,2022-01-07,76.91,70.56,199.74
United Kingdom,2022-01-08,76.96,70.64,200.21
United Kingdom,2022-01-09,76.99,70.69,200.5
United Kingdom,2022-01-10,77.02,70.72,200.79
United Kingdom,2022-01-11,77.04,70.77,201.07
United Kingdom,2022-01-12,77.07,70.81,201.33
United Kingdom,2022-01-13,77.1,70.86,201.57
United Kingdom,2022-01-14,77.13,70.91,201.82
United Kingdom,2022-01-15,77.18,70.99,202.1
United Kingdom,2022-01-16,77.2,71.05,202.28
United Kingdom,2022-01-17,77.22,71.09,202.45
United Kingdom,2022-01-18,77.25,71.13,202.63
United Kingdom,2022-01-19,77.28,71.17,202.8
United Kingdom,2022-01-20,77.3,71.22,202.97
United Kingdom,2022-01-21,77.33,71.27,203.15
United Kingdom,2022-01-22,77.36,71.35,203.36
United Kingdom,2022-01-23,77.38,71.39,203.49
United Kingdom,2022-01-24,77.4,71.43,203.64
United Kingdom,2022-01-25,77.42,71.48,203.78
United Kingdom,2022-01-26,77.44,71.52,203.93
United Kingdom,2022-01-27,77.47,71.57,204.08
United Kingdom,2022-01-28,77.49,71.62,204.24
United Kingdom,2022-01-29,77.52,71.68,204.41
United Kingdom,2022-01-30,77.54,71.72,204.51
United Kingdom,2022-01-31,77.56,71.75,204.63
United Kingdom,2022-02-01,77.58,71.79,204.74
United Kingdom,2022-02-02,77.6,71.83,204.86
United Kingdom,2022-02-03,77.62,71.87,204.98
United Kingdom,2022-02-04,77.64,71.92,205.1
United Kingdom,2022-02-05,77.66,71.96,205.22
United Kingdom,2022-02-06,77.67,71.98,205.28
United Kingdom,2022-02-07,77.69,72.02,205.38
United Kingdom,2022-02-08,77.71,72.05,205.48
United Kingdom,2022-02-09,77.72,72.09,205.58
United Kingdom,2022-02-10,77.74,72.13,205.69
United Kingdom,2022-02-11,77.75,72.17,205.81
United Kingdom,2022-02-12,77.78,72.21,205.93
United Kingdom,2022-02-13,77.79,72.23,205.99
United Kingdom,2022-02-14,77.8,72.25,206.07
United Kingdom,2022-02-15,77.81,72.28,206.2
United Kingdom,2022-02-16,77.83,72.31,206.3
United Kingdom,2022-02-17,77.84,72.35,206.4
United Kingdom,2022-02-18,77.85,72.37,206.47
United Kingdom,2022-02-19,77.87,72.4,206.56
United Kingdom,2022-02-20,77.88,72.41,206.61
United Kingdom,2022-02-21,77.89,72.44,206.69
United Kingdom,2022-02-22,77.9,72.46,206.78
United Kingdom,2022-02-23,77.91,72.49,206.86
United Kingdom,2022-02-24,77.92,72.51,206.93
United Kingdom,2022-02-25,77.94,72.54,207.01
United Kingdom,2022-02-26,77.95,72.57,207.1
United Kingdom,2022-02-27,77.96,72.58,207.14
United Kingdom,2022-02-28,77.97,72.6,207.21
United Kingdom,2022-03-01,77.98,72.63,207.27
United Kingdom,2022-03-02,77.99,72.65,207.34
United Kingdom,2022-03-03,78.0,72.67,207.42
United Kingdom,2022-03-04,78.01,72.7,207.49
United Kingdom,2022-03-05,78.02,72.73,207.57
United Kingdom,2022-03-06,78.02,72.74,207.61
United Kingdom,2022-03-07,78.03,72.76,207.67
United Kingdom,2022-03-08,78.04,72.78,207.73
United Kingdom,2022-03-09,78.04,72.81,208.13
United Kingdom,2022-03-10,78.05,72.83,208.19
United Kingdom,2022-03-11,78.06,72.85,208.25
United Kingdom,2022-03-12,78.07,72.88,208.33
United Kingdom,2022-03-13,78.08,72.89,208.37
United Kingdom,2022-03-14,78.08,72.92,208.44
United Kingdom,2022-03-15,78.09,72.94,208.5
United Kingdom,2022-03-16,78.1,72.96,208.56
United Kingdom,2022-03-17,78.1,72.98,208.62
United Kingdom,2022-03-18,78.11,73.0,208.68
United Kingdom,2022-03-19,78.12,73.03,208.76
United Kingdom,2022-03-20,78.13,73.05,208.8
United Kingdom,2022-03-21,78.14,73.06,209.15
United Kingdom,2022-03-22,78.15,73.08,209.26
United Kingdom,2022-03-23,,,
United Kingdom,2022-03-24,78.15,73.11,209.6
United Kingdom,2022-03-25,78.16,73.13,209.75
United Kingdom,2022-03-26,78.18,73.15,209.92
United Kingdom,2022-03-27,78.19,73.17,209.99
United Kingdom,2022-03-28,78.19,73.18,210.14
United Kingdom,2022-03-29,78.2,73.2,210.3
United Kingdom,2022-03-30,78.21,73.22,210.49
United Kingdom,2022-03-31,78.22,73.24,210.68
United Kingdom,2022-04-01,78.22,73.25,210.87
United Kingdom,2022-04-02,78.24,73.28,211.09
United Kingdom,2022-04-03,78.25,73.29,211.19
United Kingdom,2022-04-04,78.27,73.31,211.35
United Kingdom,2022-04-05,78.28,73.32,211.54
United Kingdom,2022-04-06,78.3,73.34,211.76
United Kingdom,2022-04-07,78.32,73.35,211.97
United Kingdom,2022-04-08,78.34,73.37,212.19
United Kingdom,2022-04-09,78.38,73.39,212.48
United Kingdom,2022-04-10,78.4,73.41,212.61
United Kingdom,2022-04-11,78.42,73.43,212.81
United Kingdom,2022-04-12,78.45,73.44,213.04
United Kingdom,2022-04-13,78.48,73.46,213.28
United Kingdom,2022-04-14,78.51,73.48,213.52
United Kingdom,2022-04-15,78.53,73.49,213.6
United Kingdom,2022-04-16,78.55,73.51,213.74
United Kingdom,2022-04-17,78.56,73.51,213.78
United Kingdom,2022-04-18,78.57,73.52,213.82
United Kingdom,2022-04-19,78.59,73.53,214.01
United Kingdom,2022-04-20,78.61,73.55,214.22
United Kingdom,2022-04-21,78.64,73.56,214.62
United Kingdom,2022-04-22,78.66,73.58,214.84
United Kingdom,2022-04-23,78.71,73.6,215.17
United Kingdom,2022-04-24,78.73,73.62,215.3
United Kingdom,2022-04-25,78.75,73.63,215.47
United Kingdom,2022-04-26,78.76,73.64,215.68
United Kingdom,2022-04-27,78.77,73.65,215.9
United Kingdom,2022-04-28,78.79,73.67,216.11
United Kingdom,2022-04-29,78.81,73.68,216.31
United Kingdom,2022-04-30,78.85,73.7,216.53
United Kingdom,2022-05-01,78.87,73.71,216.61
United Kingdom,2022-05-02,78.88,73.72,216.64
United Kingdom,2022-05-03,78.89,73.73,216.79
United Kingdom,2022-05-04,78.9,73.74,216.97
United Kingdom,2022-05-05,78.91,73.75,217.13
United Kingdom,2022-05-06,78.93,73.76,217.3
United Kingdom,2022-05-07,78.96,73.79,217.5
United Kingdom,2022-05-08,78.98,73.8,217.58
United Kingdom,2022-05-09,78.99,73.81,217.71
United Kingdom,2022-05-10,79.0,73.82,217.86
United Kingdom,2022-05-11,79.01,73.83,218.01
United Kingdom,2022-05-12,79.02,73.85,218.16
United Kingdom,2022-05-13,79.03,73.86,218.29
United Kingdom,2022-05-14,79.06,73.87,218.44
United Kingdom,2022-05-15,79.08,73.88,218.5
United Kingdom,2022-05-16,79.08,73.89,218.6
United Kingdom,2022-05-17,79.09,73.9,218.72
United Kingdom,2022-05-18,79.1,73.91,218.84
United Kingdom,2022-05-19,79.11,73.92,218.96
United Kingdom,2022-05-20,79.12,73.93,219.07
United Kingdom,2022-05-21,79.15,73.95,219.2
United Kingdom,2022-05-22,79.15,73.95,219.25
United Kingdom,2022-05-23,79.16,73.96,219.34
United Kingdom,2022-05-24,79.17,73.97,219.43
United Kingdom,2022-05-25,79.17,73.97,219.52
United Kingdom,2022-05-26,79.17,74.01,219.64
United Kingdom,2022-05-27,79.18,74.02,219.73
United Kingdom,2022-05-28,79.2,74.04,219.83
United Kingdom,2022-05-29,79.21,74.04,219.88
United Kingdom,2022-05-30,79.22,74.06,219.96
United Kingdom,2022-05-31,79.23,74.07,220.04
United Kingdom,2022-06-01,79.24,74.08,220.12
United Kingdom,2022-06-02,79.24,74.09,220.15
United Kingdom,2022-06-03,79.24,74.09,220.16
United Kingdom,2022-06-04,79.25,74.1,220.2
United Kingdom,2022-06-05,79.26,74.1,220.25
United Kingdom,2022-06-06,79.26,74.11,220.3
United Kingdom,2022-06-07,79.27,74.12,220.36
United Kingdom,2022-06-08,79.27,74.13,220.44
United Kingdom,2022-06-09,79.28,74.13,220.5
United Kingdom,2022-06-10,79.28,74.14,220.56
United Kingdom,2022-06-11,79.3,74.16,220.65
United Kingdom,2022-06-12,79.31,74.17,220.68
United Kingdom,2022-06-13,79.31,74.17,220.73
United Kingdom,2022-06-14,79.31,74.18,220.78
United Kingdom,2022-06-15,79.32,74.19,220.83
United Kingdom,2022-06-16,79.32,74.19,220.89
United Kingdom,2022-06-17,79.33,74.2,220.94
United Kingdom,2022-06-18,79.34,74.22,221.01
United Kingdom,2022-06-19,79.35,74.23,221.04
United Kingdom,2022-06-20,79.35,74.24,221.19
United Kingdom,2022-06-21,79.36,74.24,221.24
United Kingdom,2022-06-22,79.36,74.25,221.3
United Kingdom,2022-06-23,79.37,74.26,221.35
United Kingdom,2022-06-24,79.37,74.27,221.41
United Kingdom,2022-06-25,79.39,74.29,221.49
United Kingdom,2022-06-26,79.4,74.3,221.53
United Kingdom,2022-06-27,79.4,74.31,221.58
United Kingdom,2022-06-28,79.41,74.32,221.64
United Kingdom,2022-06-29,79.41,74.33,221.7
United Kingdom,2022-06-30,79.42,74.34,221.84
United Kingdom,2022-07-01,79.42,74.36,221.89
United Kingdom,2022-07-02,79.44,74.39,221.96
United Kingdom,2022-07-03,79.44,74.4,222.0
United Kingdom,2022-07-04,79.45,74.41,222.05
United Kingdom,2022-07-05,79.45,74.43,222.1
United Kingdom,2022-07-06,79.45,74.44,222.15
United Kingdom,2022-07-07,79.46,74.45,222.2
United Kingdom,2022-07-08,79.46,74.47,222.25
United Kingdom,2022-07-09,79.48,74.5,222.33
United Kingdom,2022-07-10,79.48,74.52,222.36
United Kingdom,2022-07-11,79.48,74.53,222.4
United Kingdom,2022-07-12,79.49,74.54,222.44
United Kingdom,2022-07-13,79.49,74.55,222.48
United Kingdom,2022-07-14,79.5,74.57,222.53
United Kingdom,2022-07-15,79.5,74.58,222.57
United Kingdom,2022-07-16,79.51,74.62,222.65
United Kingdom,2022-07-17,79.51,74.63,222.68
United Kingdom,2022-07-18,79.52,74.64,222.71
United Kingdom,2022-07-19,79.52,74.65,222.74
United Kingdom,2022-07-20,79.52,74.66,222.78
United Kingdom,2022-07-21,79.53,74.68,222.81
United Kingdom,2022-07-22,79.53,74.69,222.86
United Kingdom,2022-07-23,79.54,74.72,222.92
United Kingdom,2022-07-24,79.55,74.74,222.95
United Kingdom,2022-07-25,79.55,74.75,222.99
United Kingdom,2022-07-26,79.56,74.77,223.03
United Kingdom,2022-07-27,79.56,74.78,223.07
United Kingdom,2022-07-28,79.56,74.79,223.11
United Kingdom,2022-07-29,79.57,74.81,223.15
United Kingdom,2022-07-30,79.58,74.83,223.2
United Kingdom,2022-07-31,79.58,74.84,223.22
United Kingdom,2022-08-01,79.58,74.86,223.25
United Kingdom,2022-08-02,79.59,74.87,223.28
United Kingdom,2022-08-03,79.59,74.88,223.31
United Kingdom,2022-08-04,79.6,74.89,223.36
United Kingdom,2022-08-05,79.6,74.9,223.39
United Kingdom,2022-08-06,79.61,74.92,223.43
United Kingdom,2022-08-07,79.61,74.93,223.45
United Kingdom,2022-08-08,79.61,74.94,223.47
United Kingdom,2022-08-09,79.61,74.95,223.49
United Kingdom,2022-08-10,79.62,74.95,223.52
United Kingdom,2022-08-11,79.62,74.96,223.54
United Kingdom,2022-08-12,79.62,74.97,223.56
United Kingdom,2022-08-13,79.63,74.99,223.6
United Kingdom,2022-08-14,79.63,74.99,223.61
United Kingdom,2022-08-15,79.64,75.01,223.65
United Kingdom,2022-08-16,79.64,75.01,223.67
United Kingdom,2022-08-17,79.65,75.02,223.69
United Kingdom,2022-08-18,79.65,75.03,223.71
United Kingdom,2022-08-19,79.65,75.04,223.73
United Kingdom,2022-08-20,79.66,75.05,223.77
United Kingdom,2022-08-21,79.66,75.06,223.78
United Kingdom,2022-08-22,79.66,75.07,223.8
United Kingdom,2022-08-23,79.67,75.08,223.82
United Kingdom,2022-08-24,79.67,75.09,223.85
United Kingdom,2022-08-25,79.68,75.1,223.87
United Kingdom,2022-08-26,79.68,75.1,223.89
United Kingdom,2022-08-27,79.68,75.12,223.92
United Kingdom,2022-08-28,79.69,75.12,223.93
United Kingdom,2022-08-29,79.69,75.12,223.93
United Kingdom,2022-08-30,79.69,75.13,223.96
United Kingdom,2022-08-31,79.69,75.14,223.98
United Kingdom,2022-09-01,79.7,75.15,224.0
United Kingdom,2022-09-02,79.7,75.15,224.01
United Kingdom,2022-09-03,79.7,75.16,224.03
United Kingdom,2022-09-04,79.7,75.17,224.04
United Kingdom,2022-09-05,79.7,75.17,
United Kingdom,2022-09-06,79.71,75.17,
United Kingdom,2022-09-07,79.71,75.18,
United Kingdom,2022-09-08,79.71,75.18,
United Kingdom,2022-09-09,79.71,75.18,
United Kingdom,2022-09-10,79.71,75.19,
United Kingdom,2022-09-11,79.71,75.19,
United Kingdom,2022-09-12,,,
United Kingdom,2022-09-13,,,
United Kingdom,2022-09-14,,,
United Kingdom,2022-09-15,,,
United Kingdom,2022-09-16,,,
United Kingdom,2022-09-17,,,
United Kingdom,2022-09-18,,,
United Kingdom,2022-09-19,,,
United Kingdom,2022-09-20,,,
United Kingdom,2022-09-21,,,
United Kingdom,2022-09-22,,,
United Kingdom,2022-09-23,,,
United Kingdom,2022-09-24,,,
United Kingdom,2022-09-25,,,
United Kingdom,2022-09-26,,,
United Kingdom,2022-09-27,,,
United Kingdom,2022-09-28,,,
United Kingdom,2022-09-29,,,
United Kingdom,2022-09-30,,,
United Kingdom,2022-10-01,,,
United Kingdom,2022-10-02,,,
United Kingdom,2022-10-03,,,
United Kingdom,2022-10-04,,,
United Kingdom,2022-10-05,,,
United Kingdom,2022-10-06,,,
United Kingdom,2022-10-07,,,
United Kingdom,2022-10-08,,,
United Kingdom,2022-10-09,,,
United Kingdom,2022-10-10,,,
United Kingdom,2022-10-11,,,
United Kingdom,2022-10-12,,,
United Kingdom,2022-10-13,,,
United Kingdom,2022-10-14,,,
United Kingdom,2022-10-15,,,
United Kingdom,2022-10-16,,,
United Kingdom,2022-10-17,,,
United Kingdom,2022-10-18,,,
United Kingdom,2022-10-19,,,
United Kingdom,2022-10-20,,,
United Kingdom,2022-10-21,,,
United Kingdom,2022-10-22,,,
United Kingdom,2022-10-23,,,
United Kingdom,2022-10-24,,,
United Kingdom,2022-10-25,,,
United Kingdom,2022-10-26,,,
United Kingdom,2022-10-27,,,
United Kingdom,2022-10-28,,,
United Kingdom,2022-10-29,,,
United Kingdom,2022-10-30,,,
United Kingdom,2022-10-31,,,
United Kingdom,2022-11-01,,,
United Kingdom,2022-11-02,,,
United Kingdom,2022-11-03,,,
United Kingdom,2022-11-04,,,
United Kingdom,2022-11-05,,,
United Kingdom,2022-11-06,,,
United Kingdom,2022-11-07,,,
United Kingdom,2022-11-08,,,
United Kingdom,2022-11-09,,,
United Kingdom,2022-11-10,,,
United Kingdom,2022-11-11,,,
United Kingdom,2022-11-12,,,
United Kingdom,2022-11-13,,,
United Kingdom,2022-11-14,,,
United Kingdom,2022-11-15,,,
United Kingdom,2022-11-16,,,
United Kingdom,2022-11-17,,,
United Kingdom,2022-11-18,,,
United Kingdom,2022-11-19,,,
United Kingdom,2022-11-20,,,
United Kingdom,2022-11-21,,,
United Kingdom,2022-11-22,,,
United Kingdom,2022-11-23,,,
United Kingdom,2022-11-24,,,
United Kingdom,2022-11-25,,,
United Kingdom,2022-11-26,,,
United Kingdom,2022-11-27,,,
United Kingdom,2022-11-28,,,
United Kingdom,2022-11-29,,,
United Kingdom,2022-11-30,,,
United Kingdom,2022-12-01,,,
United Kingdom,2022-12-02,,,
United Kingdom,2022-12-03,,,
United Kingdom,2022-12-04,,,
United Kingdom,2022-12-05,,,
United Kingdom,2022-12-06,,,
United Kingdom,2022-12-07,,,
United Kingdom,2022-12-08,,,
United Kingdom,2022-12-09,,,
United Kingdom,2022-12-10,,,
United Kingdom,2022-12-11,,,
United Kingdom,2022-12-12,,,
United Kingdom,2022-12-13,,,
United Kingdom,2022-12-14,,,
United Kingdom,2022-12-15,,,
United Kingdom,2022-12-16,,,
United Kingdom,2022-12-17,,,
United Kingdom,2022-12-18,,,
United Kingdom,2022-12-19,,,
United Kingdom,2022-12-20,,,
United Kingdom,2022-12-21,,,
United Kingdom,2022-12-22,,,
United Kingdom,2022-12-23,,,
United Kingdom,2022-12-24,,,
United Kingdom,2022-12-25,,,
United Kingdom,2022-12-26,,,
United Kingdom,2022-12-27,,,
United Kingdom,2022-12-28,,,
United Kingdom,2022-12-29,,,
United Kingdom,2022-12-30,,,
United Kingdom,2022-12-31,,,
United Kingdom,2023-01-01,,,
United Kingdom,2023-01-02,,,
United Kingdom,2023-01-03,,,
United Kingdom,2023-01-04,,,
United Kingdom,2023-01-05,,,
United Kingdom,2023-01-06,,,
United Kingdom,2023-01-07,,,
United Kingdom,2023-01-08,,,
United Kingdom,2023-01-09,,,
United Kingdom,2023-01-10,,,
United Kingdom,2023-01-11,,,
United Kingdom,2023-01-12,,,
United Kingdom,2023-01-13,,,
United Kingdom,2023-01-14,,,
United Kingdom,2023-01-15,,,
United Kingdom,2023-01-16,,,
United Kingdom,2023-01-17,,,
United Kingdom,2023-01-18,,,
United Kingdom,2023-01-19,,,
United Kingdom,2023-01-20,,,
United Kingdom,2023-01-21,,,
United Kingdom,2023-01-22,,,
United Kingdom,2023-01-23,,,
United Kingdom,2023-01-24,,,
United Kingdom,2023-01-25,,,
United Kingdom,2023-01-26,,,
United Kingdom,2023-01-27,,,
United Kingdom,2023-01-28,,,
United Kingdom,2023-01-29,,,
United Kingdom,2023-01-30,,,
United Kingdom,2023-01-31,,,
United Kingdom,2023-02-01,,,
United Kingdom,2023-02-02,,,
United Kingdom,2023-02-03,,,
United Kingdom,2023-02-04,,,
United Kingdom,2023-02-05,,,
United Kingdom,2023-02-06,,,
United Kingdom,2023-02-07,,,
United Kingdom,2023-02-08,,,
United Kingdom,2023-02-09,,,
United Kingdom,2023-02-10,,,
United Kingdom,2023-02-11,,,
United Kingdom,2023-02-12,,,
United Kingdom,2023-02-13,,,
United Kingdom,2023-02-14,,,
United Kingdom,2023-02-15,,,
United Kingdom,2023-02-16,,,
United Kingdom,2023-02-17,,,
United Kingdom,2023-02-18,,,
United Kingdom,2023-02-19,,,
United Kingdom,2023-02-20,,,
United Kingdom,2023-02-21,,,
United Kingdom,2023-02-22,,,
United Kingdom,2023-02-23,,,
United Kingdom,2023-02-24,,,
United Kingdom,2023-02-25,,,
United Kingdom,2023-02-26,,,
United Kingdom,2023-02-27,,,
United Kingdom,2023-02-28,,,
United Kingdom,2023-03-01,,,
United Kingdom,2023-03-02,,,
United Kingdom,2023-03-03,,,
United Kingdom,2023-03-04,,,
United Kingdom,2023-03-05,,,
United Kingdom,2023-03-06,,,
United Kingdom,2023-03-07,,,
United Kingdom,2023-03-08,,,
United Kingdom,2023-03-09,,,
United Kingdom,2023-03-10,,,
United Kingdom,2023-03-11,,,
United Kingdom,2023-03-12,,,
United Kingdom,2023-03-13,,,
United Kingdom,2023-03-14,,,
United Kingdom,2023-03-15,,,
United Kingdom,2023-03-16,,,
United Kingdom,2023-03-17,,,
United Kingdom,2023-03-18,,,
United Kingdom,2023-03-19,,,
United Kingdom,2023-03-20,,,
United Kingdom,2023-03-21,,,
United Kingdom,2023-03-22,,,
United Kingdom,2023-03-23,,,
United Kingdom,2023-03-24,,,
United Kingdom,2023-03-25,,,
United Kingdom,2023-03-26,,,
United Kingdom,2023-03-27,,,
United Kingdom,2023-03-28,,,
United Kingdom,2023-03-29,,,
United Kingdom,2023-03-30,,,
United Kingdom,2023-03-31,,,
United Kingdom,2023-04-01,,,
United Kingdom,2023-04-02,,,
United Kingdom,2023-04-03,,,
United Kingdom,2023-04-04,,,
United Kingdom,2023-04-05,,,
United Kingdom,2023-04-06,,,
United Kingdom,2023-04-07,,,
United Kingdom,2023-04-08,,,
United Kingdom,2023-04-09,,,
United Kingdom,2023-04-10,,,
United Kingdom,2023-04-11,,,
United Kingdom,2023-04-12,,,
United Kingdom,2023-04-13,,,
United Kingdom,2023-04-14,,,
United Kingdom,2023-04-15,,,
United Kingdom,2023-04-16,,,
United Kingdom,2023-04-17,,,
United Kingdom,2023-04-18,,,
United Kingdom,2023-04-19,,,
United Kingdom,2023-04-20,,,
United Kingdom,2023-04-21,,,
United Kingdom,2023-04-22,,,
United Kingdom,2023-04-23,,,
United Kingdom,2023-04-24,,,
United Kingdom,2023-04-25,,,
United Kingdom,2023-04-26,,,
United Kingdom,2023-04-27,,,
United Kingdom,2023-04-28,,,
United Kingdom,2023-04-29,,,
United Kingdom,2023-04-30,,,
United Kingdom,2023-05-01,,,
United Kingdom,2023-05-02,,,
United Kingdom,2023-05-03,,,
United Kingdom,2023-05-04,,,
United Kingdom,2023-05-05,,,
United Kingdom,2023-05-06,,,
United Kingdom,2023-05-07,,,
United Kingdom,2023-05-08,,,
United Kingdom,2023-05-09,,,
United Kingdom,2023-05-10,,,
United Kingdom,2023-05-11,,,
United Kingdom,2023-05-12,,,
United Kingdom,2023-05-13,,,
United Kingdom,2023-05-14,,,
United Kingdom,2023-05-15,,,
United Kingdom,2023-05-16,,,
United Kingdom,2023-05-17,,,
United Kingdom,2023-05-18,,,
United Kingdom,2023-05-19,,,
United Kingdom,2023-05-20,,,
United Kingdom,2023-05-21,,,
United Kingdom,2023-05-22,,,
United Kingdom,2023-05-23,,,
United Kingdom,2023-05-24,,,
United Kingdom,2023-05-25,,,
United Kingdom,2023-05-26,,,
United Kingdom,2023-05-27,,,
United Kingdom,2023-05-28,,,
United Kingdom,2023-05-29,,,
United Kingdom,2023-05-30,,,
United Kingdom,2023-05-31,,,
United Kingdom,2023-06-01,,,
United Kingdom,2023-06-02,,,
United Kingdom,2023-06-03,,,
United Kingdom,2023-06-04,,,
United Kingdom,2023-06-05,,,
United Kingdom,2023-06-06,,,
United Kingdom,2023-06-07,,,
United Kingdom,2023-06-08,,,
United Kingdom,2023-06-09,,,
United Kingdom,2023-06-10,,,
United Kingdom,2023-06-11,,,
United Kingdom,2023-06-12,,,
United Kingdom,2023-06-13,,,
United Kingdom,2023-06-14,,,
United Kingdom,2023-06-15,,,
United Kingdom,2023-06-16,,,
United Kingdom,2023-06-17,,,
United Kingdom,2023-06-18,,,
United Kingdom,2023-06-19,,,
United Kingdom,2023-06-20,,,
United Kingdom,2023-06-21,,,
United Kingdom,2023-06-22,,,
United Kingdom,2023-06-23,,,
United Kingdom,2023-06-24,,,
United Kingdom,2023-06-25,,,
United Kingdom,2023-06-26,,,
United Kingdom,2023-06-27,,,
United Kingdom,2023-06-28,,,
United Kingdom,2023-06-29,,,
United Kingdom,2023-06-30,,,
United Kingdom,2023-07-01,,,
United Kingdom,2023-07-02,,,
United Kingdom,2023-07-03,,,
United Kingdom,2023-07-04,,,
United Kingdom,2023-07-05,,,
United Kingdom,2023-07-06,,,
United Kingdom,2023-07-07,,,
United Kingdom,2023-07-08,,,
United Kingdom,2023-07-09,,,
United Kingdom,2023-07-10,,,
United Kingdom,2023-07-11,,,
United Kingdom,2023-07-12,,,
United Kingdom,2023-07-13,,,
United Kingdom,2023-07-14,,,
United Kingdom,2023-07-15,,,
United Kingdom,2023-07-16,,,
United Kingdom,2023-07-17,,,
United Kingdom,2023-07-18,,,
United Kingdom,2023-07-19,,,
United Kingdom,2023-07-20,,,
United Kingdom,2023-07-21,,,
United Kingdom,2023-07-22,,,
United Kingdom,2023-07-23,,,
United Kingdom,2023-07-24,,,
United Kingdom,2023-07-25,,,
United Kingdom,2023-07-26,,,
United Kingdom,2023-07-27,,,
United Kingdom,2023-07-28,,,
United Kingdom,2023-07-29,,,
United Kingdom,2023-07-30,,,
United Kingdom,2023-07-31,,,
United Kingdom,2023-08-01,,,
United Kingdom,2023-08-02,,,
United Kingdom,2023-08-03,,,
United Kingdom,2023-08-04,,,
United Kingdom,2023-08-05,,,
United Kingdom,2023-08-06,,,
United Kingdom,2023-08-07,,,
United Kingdom,2023-08-08,,,
United Kingdom,2023-08-09,,,
United Kingdom,2023-08-10,,,
United Kingdom,2023-08-11,,,
United Kingdom,2023-08-12,,,
United Kingdom,2023-08-13,,,
United Kingdom,2023-08-14,,,
United Kingdom,2023-08-15,,,
United Kingdom,2023-08-16,,,
United Kingdom,2023-08-17,,,
United Kingdom,2023-08-18,,,
United Kingdom,2023-08-19,,,
United Kingdom,2023-08-20,,,
United Kingdom,2023-08-21,,,
United Kingdom,2023-08-22,,,
United Kingdom,2023-08-23,,,
United Kingdom,2023-08-24,,,
United Kingdom,2023-08-25,,,
United Kingdom,2023-08-26,,,
United Kingdom,2023-08-27,,,
United Kingdom,2023-08-28,,,
United Kingdom,2023-08-29,,,
United Kingdom,2023-08-30,,,
United Kingdom,2023-08-31,,,
United Kingdom,2023-09-01,,,
United Kingdom,2023-09-02,,,
United Kingdom,2023-09-03,,,
United Kingdom,2023-09-04,,,
United Kingdom,2023-09-05,,,
United Kingdom,2023-09-06,,,
United Kingdom,2023-09-07,,,
United Kingdom,2023-09-08,,,
United Kingdom,2023-09-09,,,
United Kingdom,2023-09-10,,,
United Kingdom,2023-09-11,,,
United Kingdom,2023-09-12,,,
United Kingdom,2023-09-13,,,
United Kingdom,2023-09-14,,,
United Kingdom,2023-09-15,,,
United Kingdom,2023-09-16,,,
United Kingdom,2023-09-17,,,
United Kingdom,2023-09-18,,,
United Kingdom,2023-09-19,,,
United Kingdom,2023-09-20,,,
United Kingdom,2023-09-21,,,
United Kingdom,2023-09-22,,,
United Kingdom,2023-09-23,,,
United Kingdom,2023-09-24,,,
United Kingdom,2023-09-25,,,
United Kingdom,2023-09-26,,,
United Kingdom,2023-09-27,,,
United Kingdom,2023-09-28,,,
United Kingdom,2023-09-29,,,
United Kingdom,2023-09-30,,,
United Kingdom,2023-10-01,,,
United Kingdom,2023-10-02,,,
United Kingdom,2023-10-03,,,
United Kingdom,2023-10-04,,,
United Kingdom,2023-10-05,,,
United Kingdom,2023-10-06,,,
United Kingdom,2023-10-07,,,
United Kingdom,2023-10-08,,,
United Kingdom,2023-10-09,,,
United Kingdom,2023-10-10,,,
United Kingdom,2023-10-11,,,
United Kingdom,2023-10-12,,,
United Kingdom,2023-10-13,,,
United Kingdom,2023-10-14,,,
United Kingdom,2023-10-15,,,
United Kingdom,2023-10-16,,,
United Kingdom,2023-10-17,,,
United Kingdom,2023-10-18,,,
United States,2020-01-03,,,
United States,2020-01-04,,,
United States,2020-01-05,,,
United States,2020-01-06,,,
United States,2020-01-07,,,
United States,2020-01-08,,,
United States,2020-01-09,,,
United States,2020-01-10,,,
United States,2020-01-11,,,
United States,2020-01-12,,,
United States,2020-01-13,,,
United States,2020-01-14,,,
United States,2020-01-15,,,
United States,2020-01-16,,,
United States,2020-01-17,,,
United States,2020-01-18,,,
United States,2020-01-19,,,
United States,2020-01-20,,,
United States,2020-01-21,,,
United States,2020-01-22,,,
United States,2020-01-23,,,
United States,2020-01-24,,,
United States,2020-01-25,,,
United States,2020-01-26,,,
United States,2020-01-27,,,
United States,2020-01-28,,,
United States,2020-01-29,,,
United States,2020-01-30,,,
United States,2020-01-31,,,
United States,2020-02-01,,,
United States,2020-02-02,,,
United States,2020-02-03,,,
United States,2020-02-04,,,
United States,2020-02-05,,,
United States,2020-02-06,,,
United States,2020-02-07,,,
United States,2020-02-08,,,
United States,2020-02-09,,,
United States,2020-02-10,,,
United States,2020-02-11,,,
United States,2020-02-12,,,
United States,2020-02-13,,,
United States,2020-02-14,,,
United States,2020-02-15,,,
United States,2020-02-16,,,
United States,2020-02-17,,,
United States,2020-02-18,,,
United States,2020-02-19,,,
United States,2020-02-20,,,
United States,2020-02-21,,,
United States,2020-02-22,,,
United States,2020-02-23,,,
United States,2020-02-24,,,
United States,2020-02-25,,,
United States,2020-02-26,,,
United States,2020-02-27,,,
United States,2020-02-28,,,
United States,2020-02-29,,,
United States,2020-03-01,,,
United States,2020-03-02,,,
United States,2020-03-03,,,
United States,2020-03-04,,,
United States,2020-03-05,,,
United States,2020-03-06,,,
United States,2020-03-07,,,
United States,2020-03-08,,,
United States,2020-03-09,,,
United States,2020-03-10,,,
United States,2020-03-11,,,
United States,2020-03-12,,,
United States,2020-03-13,,,
United States,2020-03-14,,,
United States,2020-03-15,,,
United States,2020-03-16,,,
United States,2020-03-17,,,
United States,2020-03-18,,,
United States,2020-03-19,,,
United States,2020-03-20,,,
United States,2020-03-21,,,
United States,2020-03-22,,,
United States,2020-03-23,,,
United States,2020-03-24,,,
United States,2020-03-25,,,
United States,2020-03-26,,,
United States,2020-03-27,,,
United States,2020-03-28,,,
United States,2020-03-29,,,
United States,2020-03-30,,,
United States,2020-03-31,,,
United States,2020-04-01,,,
United States,2020-04-02,,,
United States,2020-04-03,,,
United States,2020-04-04,,,
United States,2020-04-05,,,
United States,2020-04-06,,,
United States,2020-04-07,,,
United States,2020-04-08,,,
United States,2020-04-09,,,
United States,2020-04-10,,,
United States,2020-04-11,,,
United States,2020-04-12,,,
United States,2020-04-13,,,
United States,2020-04-14,,,
United States,2020-04-15,,,
United States,2020-04-16,,,
United States,2020-04-17,,,
United States,2020-04-18,,,
United States,2020-04-19,,,
United States,2020-04-20,,,
United States,2020-04-21,,,
United States,2020-04-22,,,
United States,2020-04-23,,,
United States,2020-04-24,,,
United States,2020-04-25,,,
United States,2020-04-26,,,
United States,2020-04-27,,,
United States,2020-04-28,,,
United States,2020-04-29,,,
United States,2020-04-30,,,
United States,2020-05-01,,,
United States,2020-05-02,,,
United States,2020-05-03,,,
United States,2020-05-04,,,
United States,2020-05-05,,,
United States,2020-05-06,,,
United States,2020-05-07,,,
United States,2020-05-08,,,
United States,2020-05-09,,,
United States,2020-05-10,,,
United States,2020-05-11,,,
United States,2020-05-12,,,
United States,2020-05-13,,,
United States,2020-05-14,,,
United States,2020-05-15,,,
United States,2020-05-16,,,
United States,2020-05-17,,,
United States,2020-05-18,,,
United States,2020-05-19,,,
United States,2020-05-20,,,
United States,2020-05-21,,,
United States,2020-05-22,,,
United States,2020-05-23,,,
United States,2020-05-24,,,
United States,2020-05-25,,,
United States,2020-05-26,,,
United States,2020-05-27,,,
United States,2020-05-28,,,
United States,2020-05-29,,,
United States,2020-05-30,,,
United States,2020-05-31,,,
United States,2020-06-01,,,
United States,2020-06-02,,,
United States,2020-06-03,,,
United States,2020-06-04,,,
United States,2020-06-05,,,
United States,2020-06-06,,,
United States,2020-06-07,,,
United States,2020-06-08,,,
United States,2020-06-09,,,
United States,2020-06-10,,,
United States,2020-06-11,,,
United States,2020-06-12,,,
United States,2020-06-13,,,
United States,2020-06-14,,,
United States,2020-06-15,,,
United States,2020-06-16,,,
United States,2020-06-17,,,
United States,2020-06-18,,,
United States,2020-06-19,,,
United States,2020-06-20,,,
United States,2020-06-21,,,
United States,2020-06-22,,,
United States,2020-06-23,,,
United States,2020-06-24,,,
United States,2020-06-25,,,
United States,2020-06-26,,,
United States,2020-06-27,,,
United States,2020-06-28,,,
United States,2020-06-29,,,
United States,2020-06-30,,,
United States,2020-07-01,,,
United States,2020-07-02,,,
United States,2020-07-03,,,
United States,2020-07-04,,,
United States,2020-07-05,,,
United States,2020-07-06,,,
United States,2020-07-07,,,
United States,2020-07-08,,,
United States,2020-07-09,,,
United States,2020-07-10,,,
United States,2020-07-11,,,
United States,2020-07-12,,,
United States,2020-07-13,,,
United States,2020-07-14,,,
United States,2020-07-15,,,
United States,2020-07-16,,,
United States,2020-07-17,,,
United States,2020-07-18,,,
United States,2020-07-19,,,
United States,2020-07-20,,,
United States,2020-07-21,,,
United States,2020-07-22,,,
United States,2020-07-23,,,
United States,2020-07-24,,,
United States,2020-07-25,,,
United States,2020-07-26,,,
United States,2020-07-27,,,
United States,2020-07-28,,,
United States,2020-07-29,,,
United States,2020-07-30,,,
United States,2020-07-31,,,
United States,2020-08-01,,,
United States,2020-08-02,,,
United States,2020-08-03,,,
United States,2020-08-04,,,
United States,2020-08-05,,,
United States,2020-08-06,,,
United States,2020-08-07,,,
United States,2020-08-08,,,
United States,2020-08-09,,,
United States,2020-08-10,,,
United States,2020-08-11,,,
United States,2020-08-12,,,
United States,2020-08-13,,,
United States,2020-08-14,,,
United States,2020-08-15,,,
United States,2020-08-16,,,
United States,2020-08-17,,,
United States,2020-08-18,,,
United States,2020-08-19,,,
United States,2020-08-20,,,
United States,2020-08-21,,,
United States,2020-08-22,,,
United States,2020-08-23,,,
United States,2020-08-24,,,
United States,2020-08-25,,,
United States,2020-08-26,,,
United States,2020-08-27,,,
United States,2020-08-28,,,
United States,2020-08-29,,,
United States,2020-08-30,,,
United States,2020-08-31,,,
United States,2020-09-01,,,
United States,2020-09-02,,,
United States,2020-09-03,,,
United States,2020-09-04,,,
United States,2020-09-05,,,
United States,2020-09-06,,,
United States,2020-09-07,,,
United States,2020-09-08,,,
United States,2020-09-09,,,
United States,2020-09-10,,,
United States,2020-09-11,,,
United States,2020-09-12,,,
United States,2020-09-13,,,
United States,2020-09-14,,,
United States,2020-09-15,,,
United States,2020-09-16,,,
United States,2020-09-17,,,
United States,2020-09-18,,,
United States,2020-09-19,,,
United States,2020-09-20,,,
United States,2020-09-21,,,
United States,2020-09-22,,,
United States,2020-09-23,,,
United States,2020-09-24,,,
United States,2020-09-25,,,
United States,2020-09-26,,,
United States,2020-09-27,,,
United States,2020-09-28,,,
United States,2020-09-29,,,
United States,2020-09-30,,,
United States,2020-10-01,,,
United States,2020-10-02,,,
United States,2020-10-03,,,
United States,2020-10-04,,,
United States,2020-10-05,,,
United States,2020-10-06,,,
United States,2020-10-07,,,
United States,2020-10-08,,,
United States,2020-10-09,,,
United States,2020-10-10,,,
United States,2020-10-11,,,
United States,2020-10-12,,,
United States,2020-10-13,,,
United States,2020-10-14,,,
United States,2020-10-15,,,
United States,2020-10-16,,,
United States,2020-10-17,,,
United States,2020-10-18,,,
United States,2020-10-19,,,
United States,2020-10-20,,,
United States,2020-10-21,,,
United States,2020-10-22,,,
United States,2020-10-23,,,
United States,2020-10-24,,,
United States,2020-10-25,,,
United States,2020-10-26,,,
United States,2020-10-27,,,
United States,2020-10-28,,,
United States,2020-10-29,,,
United States,2020-10-30,,,
United States,2020-10-31,,,
United States,2020-11-01,,,
United States,2020-11-02,,,
United States,2020-11-03,,,
United States,2020-11-04,,,
United States,2020-11-05,,,
United States,2020-11-06,,,
United States,2020-11-07,,,
United States,2020-11-08,,,
United States,2020-11-09,,,
United States,2020-11-10,,,
United States,2020-11-11,,,
United States,2020-11-12,,,
United States,2020-11-13,,,
United States,2020-11-14,,,
United States,2020-11-15,,,
United States,2020-11-16,,,
United States,2020-11-17,,,
United States,2020-11-18,,,
United States,2020-11-19,,,
United States,2020-11-20,,,
United States,2020-11-21,,,
United States,2020-11-22,,,
United States,2020-11-23,,,
United States,2020-11-24,,,
United States,2020-11-25,,,
United States,2020-11-26,,,
United States,2020-11-27,,,
United States,2020-11-28,,,
United States,2020-11-29,,,
United States,2020-11-30,,,
United States,2020-12-01,,,
United States,2020-12-02,,,
United States,2020-12-03,,,
United States,2020-12-04,,,
United States,2020-12-05,,,
United States,2020-12-06,,,
United States,2020-12-07,,,
United States,2020-12-08,,,
United States,2020-12-09,,,
United States,2020-12-10,,,
United States,2020-12-11,,,
United States,2020-12-12,,,
United States,2020-12-13,0.01,0.0,0.01
United States,2020-12-14,0.01,0.0,0.02
United States,2020-12-15,0.03,0.0,0.03
United States,2020-12-16,0.07,0.0,0.08
United States,2020-12-17,0.15,0.0,0.16
United States,2020-12-18,0.28,0.0,0.29
United States,2020-12-19,0.33,0.0,0.34
United States,2020-12-20,0.36,0.0,0.38
United States,2020-12-21,0.48,0.0,0.49
United States,2020-12-22,0.61,0.01,0.63
United States,2020-12-23,0.78,0.01,0.8
United States,2020-12-24,0.84,0.01,0.86
United States,2020-12-25,0.84,0.01,0.87
United States,2020-12-26,0.89,0.01,0.91
United States,2020-12-27,0.91,0.01,0.94
United States,2020-12-28,1.09,0.01,1.12
United States,2020-12-29,1.3,0.01,1.34
United States,2020-12-30,1.55,0.01,1.59
United States,2020-12-31,1.68,0.01,1.72
United States,2021-01-01,1.72,0.02,1.76
United States,2021-01-02,1.79,0.02,1.84
United States,2021-01-03,1.83,0.02,1.89
United States,2021-01-04,2.02,0.03,2.09
United States,2021-01-05,2.24,0.06,2.34
United States,2021-01-06,2.49,0.11,2.65
United States,2021-01-07,2.75,0.2,3.01
United States,2021-01-08,3.01,0.31,3.38
United States,2021-01-09,3.12,0.35,3.54
United States,2021-01-10,3.17,0.37,3.61
United States,2021-01-11,3.39,0.47,3.94
United States,2021-01-12,3.67,0.56,4.32
United States,2021-01-13,3.98,0.64,4.72
United States,2021-01-14,4.33,0.69,5.12
United States,2021-01-15,4.67,0.72,5.5
United States,2021-01-16,4.84,0.75,5.7
United States,2021-01-17,4.92,0.76,5.79
United States,2021-01-18,5.11,0.83,6.06
United States,2021-01-19,5.41,0.94,6.46
United States,2021-01-20,5.76,1.06,6.95
United States,2021-01-21,6.16,1.15,7.45
United States,2021-01-22,6.58,1.21,7.94
United States,2021-01-23,6.81,1.26,8.22
United States,2021-01-24,6.9,1.29,8.34
United States,2021-01-25,7.16,1.43,8.76
United States,2021-01-26,7.48,1.61,9.26
United States,2021-01-27,7.85,1.81,9.84
United States,2021-01-28,8.27,1.98,10.44
United States,2021-01-29,8.68,2.13,11.02
United States,2021-01-30,8.91,2.2,11.33
United States,2021-01-31,9.01,2.24,11.47
United States,2021-02-01,9.24,2.42,11.89
United States,2021-02-02,9.54,2.63,12.41
United States,2021-02-03,9.92,2.88,13.06
United States,2021-02-04,10.33,3.16,13.77
United States,2021-02-05,10.74,3.45,14.48
United States,2021-02-06,11.0,3.58,14.87
United States,2021-02-07,11.08,3.63,15.01
United States,2021-02-08,11.34,3.84,15.49
United States,2021-02-09,11.65,4.11,16.08
United States,2021-02-10,12.02,4.43,16.78
United States,2021-02-11,12.4,4.76,17.51
United States,2021-02-12,12.82,5.11,18.3
United States,2021-02-13,13.08,5.28,18.74
United States,2021-02-14,13.19,5.35,18.92
United States,2021-02-15,13.37,5.52,19.28
United States,2021-02-16,13.61,5.76,19.77
United States,2021-02-17,13.9,6.06,20.36
United States,2021-02-18,14.15,6.35,20.93
United States,2021-02-19,14.39,6.69,21.52
United States,2021-02-20,14.57,6.89,21.91
United States,2021-02-21,14.65,6.99,22.1
United States,2021-02-22,14.84,7.23,22.54
United States,2021-02-23,15.1,7.55,23.12
United States,2021-02-24,15.47,7.92,23.89
United States,2021-02-25,15.93,8.33,24.78
United States,2021-02-26,16.44,8.75,25.72
United States,2021-02-27,16.78,8.99,26.32
United States,2021-02-28,16.94,9.09,26.58
United States,2021-03-01,17.31,9.33,27.21
United States,2021-03-02,17.75,9.62,27.95
United States,2021-03-03,18.27,9.96,28.83
United States,2021-03-04,18.86,10.34,29.8
United States,2021-03-05,19.47,10.74,30.77
United States,2021-03-06,19.87,11.0,31.4
United States,2021-03-07,20.08,11.11,31.68
United States,2021-03-08,20.52,11.37,32.33
United States,2021-03-09,21.07,11.7,33.15
United States,2021-03-10,21.69,12.09,34.1
United States,2021-03-11,22.38,12.51,35.15
United States,2021-03-12,23.03,12.98,36.19
United States,2021-03-13,23.45,13.29,36.85
United States,2021-03-14,23.64,13.42,37.15
United States,2021-03-15,24.09,13.68,37.83
United States,2021-03-16,24.67,14.0,38.71
United States,2021-03-17,25.31,14.35,39.66
United States,2021-03-18,26.01,14.72,40.69
United States,2021-03-19,26.67,15.09,41.69
United States,2021-03-20,27.1,15.35,42.34
United States,2021-03-21,27.3,15.46,42.65
United States,2021-03-22,27.78,15.71,43.36
United States,2021-03-23,28.38,16.06,44.28
United States,2021-03-24,29.04,16.49,45.35
United States,2021-03-25,29.72,16.99,46.5
United States,2021-03-26,30.35,17.54,47.65
United States,2021-03-27,30.76,17.89,48.4
United States,2021-03-28,30.97,18.06,48.76
United States,2021-03-29,31.45,18.44,49.62
United States,2021-03-30,32.06,18.95,50.7
United States,2021-03-31,32.78,19.53,51.95
United States,2021-04-01,33.54,20.22,53.33
United States,2021-04-02,34.16,20.77,54.43
United States,2021-04-03,34.56,21.12,55.13
United States,2021-04-04,34.69,21.23,55.36
United States,2021-04-05,35.21,21.72,56.29
United States,2021-04-06,35.9,22.35,57.49
United States,2021-04-07,36.67,23.04,58.8
United States,2021-04-08,37.44,23.81,60.16
United States,2021-04-09,38.17,24.55,61.46
United States,2021-04-10,38.69,25.05,62.33
United States,2021-04-11,38.94,25.29,62.76
United States,2021-04-12,39.44,25.81,63.67
United States,2021-04-13,39.97,26.33,64.72
United States,2021-04-14,40.49,26.91,65.83
United States,2021-04-15,41.02,27.5,66.97
United States,2021-04-16,41.52,28.08,68.06
United States,2021-04-17,41.87,28.44,68.77
United States,2021-04-18,42.03,28.61,69.11
United States,2021-04-19,42.36,29.06,69.89
United States,2021-04-20,42.77,29.61,70.87
United States,2021-04-21,43.19,30.23,71.92
United States,2021-04-22,43.62,30.85,72.98
United States,2021-04-23,44.03,31.43,73.98
United States,2021-04-24,44.33,31.79,74.64
United States,2021-04-25,44.48,31.94,74.94
United States,2021-04-26,44.76,32.37,75.67
United States,2021-04-27,45.1,32.91,76.54
United States,2021-04-28,45.44,33.5,77.47
United States,2021-04-29,45.78,34.1,78.4
United States,2021-04-30,46.12,34.66,79.28
United States,2021-05-01,46.34,35.01,79.84
United States,2021-05-02,46.43,35.19,80.11
United States,2021-05-03,46.63,35.61,80.7
United States,2021-05-04,46.88,36.15,81.46
United States,2021-05-05,47.12,36.69,82.23
United States,2021-05-06,47.36,37.24,82.99
United States,2021-05-07,47.6,37.78,83.75
United States,2021-05-08,47.75,38.11,84.22
United States,2021-05-09,47.81,38.25,84.41
United States,2021-05-10,47.96,38.6,84.89
United States,2021-05-11,48.16,39.04,85.51
United States,2021-05-12,48.35,39.48,86.12
United States,2021-05-13,48.63,39.9,86.81
United States,2021-05-14,48.96,40.34,87.55
United States,2021-05-15,49.24,40.64,88.11
United States,2021-05-16,49.38,40.79,88.4
United States,2021-05-17,49.65,41.09,88.95
United States,2021-05-18,49.95,41.45,89.58
United States,2021-05-19,50.25,41.8,90.21
United States,2021-05-20,50.53,42.16,90.82
United States,2021-05-21,50.81,42.53,91.44
United States,2021-05-22,51.03,42.76,91.88
United States,2021-05-23,51.13,42.87,92.08
United States,2021-05-24,51.32,43.09,92.48
United States,2021-05-25,51.53,43.35,92.92
United States,2021-05-26,51.73,43.6,93.35
United States,2021-05-27,51.91,43.85,93.76
United States,2021-05-28,52.1,44.08,94.16
United States,2021-05-29,52.21,44.21,94.4
United States,2021-05-30,52.27,44.27,94.51
United States,2021-05-31,52.3,44.31,94.58
United States,2021-06-01,52.46,44.55,94.96
United States,2021-06-02,52.61,44.76,95.3
United States,2021-06-03,52.75,45.01,95.68
United States,2021-06-04,52.9,45.31,96.11
United States,2021-06-05,53.01,45.53,96.43
United States,2021-06-06,53.06,45.64,96.59
United States,2021-06-07,53.17,45.87,96.92
United States,2021-06-08,53.29,46.12,97.27
United States,2021-06-09,53.41,46.37,97.63
United States,2021-06-10,53.53,46.62,97.98
United States,2021-06-11,53.66,46.88,98.35
United States,2021-06-12,53.75,47.07,98.62
United States,2021-06-13,53.78,47.16,98.74
United States,2021-06-14,53.88,47.35,99.02
United States,2021-06-15,53.99,47.55,99.32
United States,2021-06-16,54.1,47.74,99.6
United States,2021-06-17,54.21,47.92,99.88
United States,2021-06-18,54.32,48.1,100.16
United States,2021-06-19,54.39,48.21,100.33
United States,2021-06-20,54.42,48.27,100.41
United States,2021-06-21,54.51,48.36,100.58
United States,2021-06-22,54.61,48.5,100.81
United States,2021-06-23,54.71,48.63,101.04
United States,2021-06-24,54.8,48.76,101.25
United States,2021-06-25,54.91,48.9,101.48
United States,2021-06-26,54.98,48.99,101.63
United States,2021-06-27,55.02,49.03,101.71
United States,2021-06-28,55.1,49.13,101.88
United States,2021-06-29,55.19,49.24,102.07
United States,2021-06-30,55.28,49.34,102.26
United States,2021-07-01,55.37,49.44,102.45
United States,2021-07-02,55.46,49.55,102.64
United States,2021-07-03,55.52,49.61,102.74
United States,2021-07-04,55.53,49.61,102.76
United States,2021-07-05,55.59,49.68,102.88
United States,2021-07-06,55.67,49.78,103.06
United States,2021-07-07,55.76,49.88,103.23
United States,2021-07-08,55.84,49.97,103.4
United States,2021-07-09,55.94,50.08,103.59
United States,2021-07-10,56.0,50.14,103.71
United States,2021-07-11,56.04,50.17,103.78
United States,2021-07-12,56.12,50.25,103.94
United States,2021-07-13,56.21,50.34,104.09
United States,2021-07-14,56.29,50.42,104.26
United States,2021-07-15,56.38,50.5,104.42
United States,2021-07-16,56.49,50.59,104.61
United States,2021-07-17,56.55,50.65,104.73
United States,2021-07-18,56.59,50.68,104.8
United States,2021-07-19,56.7,50.76,104.97
United States,2021-07-20,56.81,50.84,105.15
United States,2021-07-21,56.93,50.92,105.34
United States,2021-07-22,57.05,51.0,105.54
United States,2021-07-23,57.2,51.08,105.77
United States,2021-07-24,57.29,51.14,105.91
United States,2021-07-25,57.35,51.15,105.98
United States,2021-07-26,57.48,51.22,106.18
United States,2021-07-27,57.63,51.3,106.39
United States,2021-07-28,57.78,51.38,106.61
United States,2021-07-29,57.93,51.45,106.83
United States,2021-07-30,58.1,51.54,107.08
United States,2021-07-31,58.21,51.6,107.24
United States,2021-08-01,58.28,51.63,107.34
United States,2021-08-02,58.43,51.7,107.56
United States,2021-08-03,58.59,51.78,107.79
United States,2021-08-04,58.76,51.85,108.03
United States,2021-08-05,58.93,51.94,108.27
United States,2021-08-06,59.12,52.03,108.54
United States,2021-08-07,59.23,52.09,108.71
United States,2021-08-08,59.31,52.12,108.82
United States,2021-08-09,59.46,52.21,109.06
United States,2021-08-10,59.63,52.3,109.3
United States,2021-08-11,59.78,52.39,109.53
United States,2021-08-12,59.93,52.49,109.78
United States,2021-08-13,60.11,52.6,110.07
United States,2021-08-14,60.22,52.68,110.26
United States,2021-08-15,60.28,52.73,110.38
United States,2021-08-16,60.42,52.83,110.64
United States,2021-08-17,60.57,52.94,110.92
United States,2021-08-18,60.72,53.06,111.21
United States,2021-08-19,60.86,53.17,111.5
United States,2021-08-20,61.03,53.32,111.83
United States,2021-08-21,61.13,53.41,112.04
United States,2021-08-22,61.18,53.46,112.16
United States,2021-08-23,61.31,53.59,112.43
United States,2021-08-24,61.45,53.71,112.72
United States,2021-08-25,61.59,53.84,113.02
United States,2021-08-26,61.74,53.97,113.32
United States,2021-08-27,61.9,54.14,113.67
United States,2021-08-28,62.0,54.24,113.89
United States,2021-08-29,62.05,54.3,114.02
United States,2021-08-30,62.18,54.43,114.3
United States,2021-08-31,62.31,54.56,114.58
United States,2021-09-01,62.44,54.69,114.87
United States,2021-09-02,62.56,54.81,115.14
United States,2021-09-03,62.69,54.96,115.46
United States,2021-09-04,62.77,55.04,115.63
United States,2021-09-05,62.82,55.1,115.74
United States,2021-09-06,62.84,55.12,115.79
United States,2021-09-07,62.95,55.27,116.07
United States,2021-09-08,63.06,55.39,116.32
United States,2021-09-09,63.17,55.51,116.58
United States,2021-09-10,63.31,55.66,116.9
United States,2021-09-11,63.39,55.76,117.08
United States,2021-09-12,63.43,55.81,117.18
United States,2021-09-13,63.54,55.92,117.42
United States,2021-09-14,63.63,56.04,117.65
United States,2021-09-15,63.73,56.16,117.88
United States,2021-09-16,63.82,56.28,118.11
United States,2021-09-17,63.93,56.42,118.39
United States,2021-09-18,63.99,56.51,118.54
United States,2021-09-19,64.03,56.56,118.64
United States,2021-09-20,64.11,56.67,118.85
United States,2021-09-21,64.19,56.77,119.06
United States,2021-09-22,64.26,56.87,119.26
United States,2021-09-23,64.34,56.97,119.46
United States,2021-09-24,64.44,57.1,119.76
United States,2021-09-25,64.5,57.17,119.97
United States,2021-09-26,64.53,57.21,120.09
United States,2021-09-27,64.62,57.28,120.4
United States,2021-09-28,64.71,57.37,120.74
United States,2021-09-29,64.8,57.47,121.09
United States,2021-09-30,64.88,57.56,121.44
United States,2021-10-01,64.98,57.68,121.85
United States,2021-10-02,65.03,57.74,122.04
United States,2021-10-03,65.06,57.78,122.15
United States,2021-10-04,65.13,57.86,122.45
United States,2021-10-05,65.21,57.94,122.76
United States,2021-10-06,65.28,58.02,123.07
United States,2021-10-07,65.36,58.1,123.39
United States,2021-10-08,65.44,58.19,123.74
United States,2021-10-09,65.49,58.24,123.9
United States,2021-10-10,65.51,58.28,124.0
United States,2021-10-11,65.58,58.34,124.26
United States,2021-10-12,65.65,58.42,124.54
United States,2021-10-13,65.72,58.49,124.82
United States,2021-10-14,65.79,58.56,125.09
United States,2021-10-15,65.86,58.64,125.41
United States,2021-10-16,65.91,58.68,125.56
United States,2021-10-17,65.93,58.71,125.64
United States,2021-10-18,66.0,58.78,125.9
United States,2021-10-19,66.06,58.83,126.15
United States,2021-10-20,66.12,58.89,126.4
United States,2021-10-21,66.18,58.95,126.66
United States,2021-10-22,66.27,59.03,127.08
United States,2021-10-23,66.32,59.07,127.33
United States,2021-10-24,66.35,59.09,127.48
United States,2021-10-25,66.44,59.15,127.94
United States,2021-10-26,66.53,59.22,128.42
United States,2021-10-27,66.62,59.28,128.91
United States,2021-10-28,66.7,59.34,129.4
United States,2021-10-29,66.8,59.42,129.94
United States,2021-10-30,66.85,59.45,130.19
United States,2021-10-31,66.88,59.47,130.32
United States,2021-11-01,66.96,59.53,130.78
United States,2021-11-02,67.05,59.59,131.23
United States,2021-11-03,67.14,59.65,131.71
United States,2021-11-04,67.24,59.71,132.21
United States,2021-11-05,67.38,59.78,132.8
United States,2021-11-06,67.5,59.81,133.11
United States,2021-11-07,67.57,59.83,133.28
United States,2021-11-08,67.71,59.89,133.73
United States,2021-11-09,67.86,59.94,134.23
United States,2021-11-10,68.04,59.99,134.77
United States,2021-11-11,68.2,60.04,135.26
United States,2021-11-12,68.39,60.1,135.86
United States,2021-11-13,68.55,60.13,136.22
United States,2021-11-14,68.63,60.15,136.4
United States,2021-11-15,68.76,60.2,136.87
United States,2021-11-16,68.91,60.25,137.38
United States,2021-11-17,69.06,60.3,137.92
United States,2021-11-18,69.21,60.35,138.47
United States,2021-11-19,69.39,60.41,139.1
United States,2021-11-20,69.52,60.44,139.47
United States,2021-11-21,69.59,60.46,139.67
United States,2021-11-22,69.73,60.51,140.22
United States,2021-11-23,69.88,60.56,140.77
United States,2021-11-24,70.0,60.61,141.19
United States,2021-11-25,70.0,60.61,141.2
United States,2021-11-26,70.09,60.66,141.57
United States,2021-11-27,70.16,60.73,141.84
United States,2021-11-28,70.2,60.77,142.02
United States,2021-11-29,70.3,60.88,142.53
United States,2021-11-30,70.42,61.0,143.12
United States,2021-12-01,70.56,61.13,143.78
United States,2021-12-02,70.69,61.25,144.44
United States,2021-12-03,70.84,61.4,145.19
United States,2021-12-04,70.93,61.54,145.64
United States,2021-12-05,70.97,61.6,145.87
United States,2021-12-06,71.09,61.7,146.43
United States,2021-12-07,71.21,61.8,147.01
United States,2021-12-08,71.33,61.91,147.59
United States,2021-12-09,71.45,62.01,148.18
United States,2021-12-10,71.57,62.14,148.83
United States,2021-12-11,71.65,62.24,149.21
United States,2021-12-12,71.7,62.28,149.4
United States,2021-12-13,71.8,62.36,149.89
United States,2021-12-14,71.91,62.45,150.42
United States,2021-12-15,72.02,62.53,150.94
United States,2021-12-16,72.14,62.58,151.46
United States,2021-12-17,72.26,62.66,152.05
United States,2021-12-18,72.35,62.71,152.39
United States,2021-12-19,72.4,62.74,152.58
United States,2021-12-20,72.53,62.8,153.14
United States,2021-12-21,72.67,62.88,153.75
United States,2021-12-22,72.8,62.95,154.31
United States,2021-12-23,72.91,63.01,154.76
United States,2021-12-24,72.94,63.02,154.87
United States,2021-12-25,72.94,63.02,154.88
United States,2021-12-26,72.98,63.05,155.02
United States,2021-12-27,73.1,63.12,155.48
United States,2021-12-28,73.23,63.19,156.0
United States,2021-12-29,73.36,63.27,156.51
United States,2021-12-30,73.48,63.33,156.98
United States,2021-12-31,73.52,63.36,157.16
United States,2022-01-01,73.53,63.37,157.2
United States,2022-01-02,73.57,63.39,157.35
United States,2022-01-03,73.68,63.45,157.73
United States,2022-01-04,73.79,63.52,158.16
United States,2022-01-05,73.9,63.58,158.6
United States,2022-01-06,74.01,63.65,159.04
United States,2022-01-07,74.13,63.72,159.54
United States,2022-01-08,74.21,63.78,159.86
United States,2022-01-09,74.25,63.8,160.01
United States,2022-01-10,74.35,63.86,160.39
United States,2022-01-11,74.45,63.92,160.79
United States,2022-01-12,74.55,63.98,161.19
United States,2022-01-13,74.65,64.04,161.58
United States,2022-01-14,74.76,64.09,162.03
United States,2022-01-15,74.83,64.12,162.27
United States,2022-01-16,74.86,64.14,162.38
United States,2022-01-17,74.93,64.18,162.63
United States,2022-01-18,75.0,64.24,162.94
United States,2022-01-19,75.08,64.3,163.24
United States,2022-01-20,75.15,64.35,163.52
United States,2022-01-21,75.23,64.4,163.85
United States,2022-01-22,75.28,64.42,164.04
United States,2022-01-23,75.31,64.44,164.14
United States,2022-01-24,75.37,64.49,164.38
United States,2022-01-25,75.43,64.55,164.62
United States,2022-01-26,75.49,64.6,164.87
United States,2022-01-27,75.55,64.65,165.11
United States,2022-01-28,75.62,64.72,165.4
United States,2022-01-29,75.65,64.75,165.54
United States,2022-01-30,75.67,64.77,165.62
United States,2022-01-31,75.72,64.82,165.81
United States,2022-02-01,75.77,64.87,166.0
United States,2022-02-02,75.81,64.92,166.17
United States,2022-02-03,75.85,64.96,166.33
United States,2022-02-04,75.89,65.02,166.53
United States,2022-02-05,75.93,65.06,166.67
United States,2022-02-06,75.94,65.08,166.73
United States,2022-02-07,75.98,65.12,166.88
United States,2022-02-08,76.02,65.16,167.03
United States,2022-02-09,76.06,65.21,167.19
United States,2022-02-10,76.1,65.25,167.34
United States,2022-02-11,76.14,65.3,167.53
United States,2022-02-12,76.17,65.33,167.64
United States,2022-02-13,76.18,65.35,167.68
United States,2022-02-14,76.21,65.38,167.79
United States,2022-02-15,76.24,65.41,167.91
United States,2022-02-16,76.27,65.45,168.04
United States,2022-02-17,76.3,65.48,168.16
United States,2022-02-18,76.34,65.53,168.32
United States,2022-02-19,76.36,65.55,168.41
United States,2022-02-20,76.37,65.56,168.45
United States,2022-02-21,76.4,65.59,168.55
United States,2022-02-22,76.42,65.62,168.66
United States,2022-02-23,76.45,65.65,168.76
United States,2022-02-24,76.48,65.67,168.86
United States,2022-02-25,76.5,65.71,168.98
United States,2022-02-26,76.52,65.73,169.06
United States,2022-02-27,76.53,65.74,169.1
United States,2022-02-28,76.56,65.76,169.19
United States,2022-03-01,76.58,65.78,169.28
United States,2022-03-02,76.6,65.8,169.36
United States,2022-03-03,76.62,65.83,169.43
United States,2022-03-04,76.64,65.85,169.53
United States,2022-03-05,76.66,65.87,169.59
United States,2022-03-06,76.66,65.88,169.61
United States,2022-03-07,76.68,65.89,169.68
United States,2022-03-08,76.7,65.91,169.74
United States,2022-03-09,76.72,65.93,169.81
United States,2022-03-10,76.73,65.95,169.88
United States,2022-03-11,76.75,65.97,169.95
United States,2022-03-12,76.76,65.98,170.0
United States,2022-03-13,76.77,65.99,170.02
United States,2022-03-14,76.78,66.0,170.08
United States,2022-03-15,76.8,66.02,170.14
United States,2022-03-16,76.82,66.04,170.21
United States,2022-03-17,76.83,66.05,170.27
United States,2022-03-18,76.85,66.07,170.34
United States,2022-03-19,76.86,66.08,170.39
United States,2022-03-20,76.87,66.09,170.41
United States,2022-03-21,76.89,66.1,170.47
United States,2022-03-22,76.9,66.11,170.53
United States,2022-03-23,76.92,66.13,170.58
United States,2022-03-24,76.93,66.14,170.64
United States,2022-03-25,76.95,66.16,170.71
United States,2022-03-26,76.96,66.17,170.75
United States,2022-03-27,76.97,66.17,170.77
United States,2022-03-28,76.98,66.18,170.82
United States,2022-03-29,77.0,66.2,170.88
United States,2022-03-30,77.01,66.21,171.01
United States,2022-03-31,77.04,66.23,171.17
United States,2022-04-01,77.06,66.26,171.37
United States,2022-04-02,77.07,66.27,171.48
United States,2022-04-03,77.08,66.28,171.54
United States,2022-04-04,77.1,66.3,171.71
United States,2022-04-05,77.12,66.32,171.88
United States,2022-04-06,77.14,66.34,172.06
United States,2022-04-07,77.16,66.35,172.23
United States,2022-04-08,77.18,66.38,172.44
United States,2022-04-09,77.2,66.39,172.54
United States,2022-04-10,77.2,66.4,172.6
United States,2022-04-11,77.22,66.42,172.78
United States,2022-04-12,77.24,66.44,172.96
United States,2022-04-13,77.26,66.45,173.14
United States,2022-04-14,77.28,66.47,173.32
United States,2022-04-15,77.3,66.49,173.49
United States,2022-04-16,77.31,66.5,173.57
United States,2022-04-17,77.32,66.5,173.59
United States,2022-04-18,77.33,66.52,173.75
United States,2022-04-19,77.35,66.54,173.91
United States,2022-04-20,77.37,66.56,174.07
United States,2022-04-21,77.39,66.57,174.23
United States,2022-04-22,77.41,66.59,174.38
United States,2022-04-23,77.42,66.6,174.46
United States,2022-04-24,77.42,66.61,174.5
United States,2022-04-25,77.44,66.62,174.63
United States,2022-04-26,77.45,66.64,174.77
United States,2022-04-27,77.47,66.65,174.91
United States,2022-04-28,77.49,66.67,175.06
United States,2022-04-29,77.5,66.69,175.21
United States,2022-04-30,77.51,66.7,175.29
United States,2022-05-01,77.52,66.7,175.33
United States,2022-05-02,77.53,66.71,175.45
United States,2022-05-03,77.55,66.73,175.58
United States,2022-05-04,77.57,66.74,175.7
United States,2022-05-05,77.58,66.76,175.83
United States,2022-05-06,77.6,66.77,175.97
United States,2022-05-07,77.61,66.78,176.03
United States,2022-05-08,77.61,66.78,176.06
United States,2022-05-09,77.62,66.8,176.17
United States,2022-05-10,77.64,66.81,176.3
United States,2022-05-11,77.65,66.83,176.43
United States,2022-05-12,77.67,66.84,176.56
United States,2022-05-13,77.69,66.86,176.71
United States,2022-05-14,77.7,66.87,176.78
United States,2022-05-15,77.7,66.87,176.82
United States,2022-05-16,77.72,66.88,176.94
United States,2022-05-17,77.73,66.9,177.06
United States,2022-05-18,77.75,66.91,177.19
United States,2022-05-19,77.77,66.93,177.32
United States,2022-05-20,77.78,66.94,177.48
United States,2022-05-21,77.79,66.95,177.56
United States,2022-05-22,77.8,66.96,177.61
United States,2022-05-23,77.82,66.97,177.74
United States,2022-05-24,77.83,66.99,177.87
United States,2022-05-25,77.85,67.0,178.0
United States,2022-05-26,77.86,67.01,178.12
United States,2022-05-27,77.88,67.03,178.25
United States,2022-05-28,77.89,67.03,178.32
United States,2022-05-29,77.89,67.04,178.35
United States,2022-05-30,77.89,67.04,178.36
United States,2022-05-31,77.91,67.05,178.47
United States,2022-06-01,77.92,67.07,178.59
United States,2022-06-02,77.94,67.08,178.7
United States,2022-06-03,77.95,67.09,178.82
United States,2022-06-04,77.96,67.1,178.88
United States,2022-06-05,77.97,67.1,178.91
United States,2022-06-06,77.98,67.11,179.01
United States,2022-06-07,77.99,67.12,179.1
United States,2022-06-08,78.01,67.14,179.2
United States,2022-06-09,78.02,67.15,179.3
United States,2022-06-10,78.04,67.16,179.4
United States,2022-06-11,78.04,67.17,179.45
United States,2022-06-12,78.05,67.17,179.48
United States,2022-06-13,78.06,67.18,179.56
United States,2022-06-14,78.07,67.19,179.64
United States,2022-06-15,78.08,67.2,179.73
United States,2022-06-16,78.1,67.21,179.81
United States,2022-06-17,78.11,67.22,179.9
United States,2022-06-18,78.12,67.23,179.94
United States,2022-06-19,78.12,67.23,179.96
United States,2022-06-20,78.13,67.24,180.03
United States,2022-06-21,78.15,67.25,180.12
United States,2022-06-22,78.17,67.26,180.2
United States,2022-06-23,78.19,67.27,180.29
United States,2022-06-24,78.21,67.28,180.38
United States,2022-06-25,78.23,67.28,180.43
United States,2022-06-26,78.24,67.28,180.46
United States,2022-06-27,78.26,67.29,180.53
United States,2022-06-28,78.28,67.3,180.61
United States,2022-06-29,78.3,67.31,180.7
United States,2022-06-30,78.32,67.32,180.78
United States,2022-07-01,78.35,67.33,180.87
United States,2022-07-02,78.36,67.33,180.9
United States,2022-07-03,78.36,67.34,180.92
United States,2022-07-04,78.36,67.34,180.92
United States,2022-07-05,78.38,67.35,181.0
United States,2022-07-06,78.4,67.36,181.08
United States,2022-07-07,78.42,67.37,181.16
United States,2022-07-08,78.45,67.38,181.25
United States,2022-07-09,78.46,67.38,181.3
United States,2022-07-10,78.46,67.38,181.32
United States,2022-07-11,78.48,67.39,181.4
United States,2022-07-12,78.5,67.4,181.5
United States,2022-07-13,78.52,67.41,181.6
United States,2022-07-14,78.55,67.43,181.71
United States,2022-07-15,78.57,67.44,181.84
United States,2022-07-16,78.58,67.44,181.9
United States,2022-07-17,78.59,67.45,181.94
United States,2022-07-18,78.61,67.46,182.05
United States,2022-07-19,78.63,67.47,182.15
United States,2022-07-20,78.65,67.48,182.26
United States,2022-07-21,78.67,67.5,182.37
United States,2022-07-22,78.69,67.51,182.49
United States,2022-07-23,78.71,67.52,182.56
United States,2022-07-24,78.71,67.53,182.59
United States,2022-07-25,78.73,67.54,182.68
United States,2022-07-26,78.75,67.55,182.78
United States,2022-07-27,78.77,67.56,182.87
United States,2022-07-28,78.79,67.58,182.96
United States,2022-07-29,78.81,67.59,183.06
United States,2022-07-30,78.82,67.6,183.1
United States,2022-07-31,78.82,67.6,183.12
United States,2022-08-01,78.84,67.61,183.2
United States,2022-08-02,78.86,67.62,183.28
United States,2022-08-03,78.87,67.63,183.35
United States,2022-08-04,78.89,67.64,183.43
United States,2022-08-05,78.91,67.65,183.51
United States,2022-08-06,78.92,67.66,183.55
United States,2022-08-07,78.92,67.67,183.56
United States,2022-08-08,78.94,67.68,183.63
United States,2022-08-09,78.95,67.69,183.7
United States,2022-08-10,78.97,67.7,183.76
United States,2022-08-11,78.98,67.71,183.83
United States,2022-08-12,79.0,67.72,183.9
United States,2022-08-13,79.01,67.72,183.93
United States,2022-08-14,79.01,67.73,183.95
United States,2022-08-15,79.03,67.74,184.01
United States,2022-08-16,79.04,67.74,184.07
United States,2022-08-17,79.06,67.75,184.13
United States,2022-08-18,79.07,67.76,184.19
United States,2022-08-19,79.09,67.77,184.26
United States,2022-08-20,79.09,67.78,184.28
United States,2022-08-21,79.1,67.78,184.3
United States,2022-08-22,79.11,67.79,184.35
United States,2022-08-23,79.12,67.8,184.4
United States,2022-08-24,79.13,67.81,184.45
United States,2022-08-25,79.15,67.82,184.5
United States,2022-08-26,79.16,67.83,184.56
United States,2022-08-27,79.17,67.83,184.58
United States,2022-08-28,79.17,67.83,184.59
United States,2022-08-29,79.18,67.84,184.64
United States,2022-08-30,79.19,67.85,184.68
United States,2022-08-31,79.2,67.86,184.72
United States,2022-09-01,79.21,67.86,184.75
United States,2022-09-02,79.22,67.87,184.78
United States,2022-09-03,79.23,67.87,184.79
United States,2022-09-04,79.23,67.87,184.81
United States,2022-09-05,79.23,67.88,184.81
United States,2022-09-06,79.24,67.88,184.87
United States,2022-09-07,79.26,67.9,184.99
United States,2022-09-08,79.27,67.91,185.12
United States,2022-09-09,79.29,67.93,185.29
United States,2022-09-10,79.31,67.94,185.38
United States,2022-09-11,79.31,67.94,185.44
United States,2022-09-12,79.33,67.96,185.61
United States,2022-09-13,79.35,67.97,185.77
United States,2022-09-14,79.37,67.99,185.95
United States,2022-09-15,79.39,68.0,186.12
United States,2022-09-16,79.41,68.02,186.33
United States,2022-09-17,79.42,68.03,186.44
United States,2022-09-18,79.43,68.04,186.5
United States,2022-09-19,79.44,68.05,186.68
United States,2022-09-20,79.46,68.07,186.87
United States,2022-09-21,79.48,68.08,187.08
United States,2022-09-22,79.5,68.1,187.28
United States,2022-09-23,79.53,68.12,187.53
United States,2022-09-24,79.54,68.13,187.64
United States,2022-09-25,79.55,68.14,187.71
United States,2022-09-26,79.57,68.15,187.93
United States,2022-09-27,79.59,68.17,188.14
United States,2022-09-28,79.61,68.19,188.36
United States,2022-09-29,79.63,68.2,188.58
United States,2022-09-30,79.65,68.22,188.83
United States,2022-10-01,79.66,68.23,188.94
United States,2022-10-02,79.67,68.24,189.0
United States,2022-10-03,79.69,68.25,189.22
United States,2022-10-04,79.71,68.27,189.44
United States,2022-10-05,79.73,68.29,189.68
United States,2022-10-06,79.75,68.3,189.92
United States,2022-10-07,79.77,68.32,190.18
United States,2022-10-08,79.79,68.33,190.3
United States,2022-10-09,79.79,68.34,190.37
United States,2022-10-10,79.81,68.35,190.59
United States,2022-10-11,79.83,68.37,190.82
United States,2022-10-12,79.86,68.39,191.07
United States,2022-10-13,79.88,68.41,191.31
United States,2022-10-14,79.9,68.43,191.58
United States,2022-10-15,79.91,68.43,191.69
United States,2022-10-16,79.92,68.44,191.76
United States,2022-10-17,79.94,68.46,191.99
United States,2022-10-18,79.96,68.47,192.22
United States,2022-10-19,79.98,68.49,192.46
United States,2022-10-20,80.01,68.51,192.69
United States,2022-10-21,80.03,68.53,192.95
United States,2022-10-22,80.04,68.53,193.06
United States,2022-10-23,80.05,68.54,193.13
United States,2022-10-24,80.07,68.56,193.35
United States,2022-10-25,80.09,68.57,193.58
United States,2022-10-26,80.11,68.59,193.84
United States,2022-10-27,80.13,68.61,194.08
United States,2022-10-28,80.16,68.63,194.34
United States,2022-10-29,80.17,68.63,194.45
United States,2022-10-30,80.17,68.64,194.51
United States,2022-10-31,80.19,68.65,194.69
United States,2022-11-01,80.21,68.66,194.88
United States,2022-11-02,80.23,68.68,195.08
United States,2022-11-03,80.25,68.69,195.27
United States,2022-11-04,80.27,68.71,195.5
United States,2022-11-05,80.28,68.72,195.6
United States,2022-11-06,80.29,68.72,195.66
United States,2022-11-07,80.31,68.74,195.83
United States,2022-11-08,80.32,68.75,196.0
United States,2022-11-09,80.34,68.76,196.17
United States,2022-11-10,80.36,68.77,196.34
United States,2022-11-11,80.38,68.79,196.52
United States,2022-11-12,80.39,68.79,196.61
United States,2022-11-13,80.39,68.8,196.65
United States,2022-11-14,80.41,68.81,196.81
United States,2022-11-15,80.42,68.82,196.97
United States,2022-11-16,80.44,68.83,197.13
United States,2022-11-17,80.46,68.85,197.28
United States,2022-11-18,80.48,68.86,197.45
United States,2022-11-19,80.49,68.87,197.53
United States,2022-11-20,80.49,68.87,197.58
United States,2022-11-21,80.51,68.88,197.71
United States,2022-11-22,80.52,68.89,197.84
United States,2022-11-23,80.53,68.9,197.95
United States,2022-11-24,80.53,68.9,197.95
United States,2022-11-25,80.54,68.91,198.03
United States,2022-11-26,80.55,68.91,198.08
United States,2022-11-27,80.55,68.92,198.12
United States,2022-11-28,80.56,68.92,198.22
United States,2022-11-29,80.58,68.93,198.32
United States,2022-11-30,80.59,68.94,198.46
United States,2022-12-01,80.6,68.95,198.57
United States,2022-12-02,80.62,68.97,198.7
United States,2022-12-03,80.62,68.97,198.77
United States,2022-12-04,80.63,68.97,198.8
United States,2022-12-05,80.64,68.98,198.91
United States,2022-12-06,80.65,68.99,199.02
United States,2022-12-07,80.67,69.0,199.13
United States,2022-12-08,80.68,69.01,199.24
United States,2022-12-09,80.69,69.02,199.37
United States,2022-12-10,80.7,69.02,199.44
United States,2022-12-11,80.7,69.03,199.47
United States,2022-12-12,80.72,69.04,199.58
United States,2022-12-13,80.73,69.05,199.7
United States,2022-12-14,80.74,69.05,199.8
United States,2022-12-15,80.75,69.06,199.9
United States,2022-12-16,80.77,69.07,200.01
United States,2022-12-17,80.77,69.08,200.07
United States,2022-12-18,80.78,69.08,200.11
United States,2022-12-19,80.79,69.09,200.21
United States,2022-12-20,80.8,69.1,200.3
United States,2022-12-21,80.81,69.1,200.39
United States,2022-12-22,80.82,69.11,200.46
United States,2022-12-23,80.83,69.11,200.51
United States,2022-12-24,80.83,69.12,200.52
United States,2022-12-25,80.83,69.12,200.52
United States,2022-12-26,80.84,69.12,200.55
United States,2022-12-27,80.85,69.13,200.63
United States,2022-12-28,80.86,69.13,200.71
United States,2022-12-29,80.87,69.14,200.79
United States,2022-12-30,80.88,69.15,200.86
United States,2022-12-31,80.88,69.15,200.88
United States,2023-01-01,80.88,69.15,200.89
United States,2023-01-02,80.89,69.15,200.92
United States,2023-01-03,80.9,69.16,200.99
United States,2023-01-04,80.91,69.17,201.06
United States,2023-01-05,80.92,69.17,201.13
United States,2023-01-06,80.93,69.18,201.21
United States,2023-01-07,80.94,69.18,201.25
United States,2023-01-08,80.94,69.19,201.27
United States,2023-01-09,80.95,69.19,201.33
United States,2023-01-10,80.96,69.2,201.39
United States,2023-01-11,80.97,69.2,201.45
United States,2023-01-12,80.97,69.21,201.51
United States,2023-01-13,80.98,69.22,201.58
United States,2023-01-14,80.99,69.22,201.61
United States,2023-01-15,80.99,69.22,201.63
United States,2023-01-16,81.0,69.22,201.66
United States,2023-01-17,81.0,69.23,201.71
United States,2023-01-18,81.01,69.23,201.75
United States,2023-01-19,81.02,69.24,201.79
United States,2023-01-20,81.02,69.24,201.84
United States,2023-01-21,81.03,69.25,201.86
United States,2023-01-22,81.03,69.25,201.87
United States,2023-01-23,81.04,69.25,201.9
United States,2023-01-24,81.04,69.25,201.94
United States,2023-01-25,81.05,69.26,201.98
United States,2023-01-26,81.05,69.26,202.01
United States,2023-01-27,81.06,69.27,202.05
United States,2023-01-28,81.06,69.27,202.07
United States,2023-01-29,81.07,69.27,202.08
United States,2023-01-30,81.07,69.27,202.11
United States,2023-01-31,81.08,69.28,202.14
United States,2023-02-01,81.08,69.28,202.17
United States,2023-02-02,81.09,69.28,202.2
United States,2023-02-03,81.09,69.29,202.23
United States,2023-02-04,81.1,69.29,202.24
United States,2023-02-05,81.1,69.29,202.25
United States,2023-02-06,81.1,69.29,202.28
United States,2023-02-07,81.11,69.3,202.31
United States,2023-02-08,81.11,69.3,202.34
United States,2023-02-09,81.12,69.3,202.36
United States,2023-02-10,81.12,69.31,202.39
United States,2023-02-11,81.13,69.31,202.41
United States,2023-02-12,81.13,69.31,202.41
United States,2023-02-13,81.13,69.31,202.44
United States,2023-02-14,81.13,69.32,202.46
United States,2023-02-15,81.14,69.32,202.48
United States,2023-02-16,81.14,69.32,202.51
United States,2023-02-17,81.15,69.33,202.54
United States,2023-02-18,81.15,69.33,202.55
United States,2023-02-19,81.15,69.33,202.55
United States,2023-02-20,81.16,69.33,202.57
United States,2023-02-21,81.16,69.33,202.59
United States,2023-02-22,81.16,69.33,202.61
United States,2023-02-23,81.17,69.34,202.64
United States,2023-02-24,81.17,69.34,202.66
United States,2023-02-25,81.17,69.34,202.67
United States,2023-02-26,81.18,69.34,202.67
United States,2023-02-27,81.18,69.35,202.7
United States,2023-02-28,81.18,69.35,202.72
United States,2023-03-01,81.19,69.35,202.74
United States,2023-03-02,81.19,69.35,202.76
United States,2023-03-03,81.2,69.36,202.78
United States,2023-03-04,81.2,69.36,202.79
United States,2023-03-05,81.2,69.36,202.8
United States,2023-03-06,81.2,69.36,202.82
United States,2023-03-07,81.21,69.36,202.84
United States,2023-03-08,81.21,69.37,202.86
United States,2023-03-09,81.22,69.37,202.88
United States,2023-03-10,81.22,69.37,202.9
United States,2023-03-11,81.22,69.37,202.91
United States,2023-03-12,81.22,69.37,202.91
United States,2023-03-13,81.23,69.38,202.93
United States,2023-03-14,81.23,69.38,202.95
United States,2023-03-15,81.24,69.38,202.97
United States,2023-03-16,81.24,69.38,202.99
United States,2023-03-17,81.24,69.39,203.01
United States,2023-03-18,81.25,69.39,203.02
United States,2023-03-19,81.25,69.39,203.02
United States,2023-03-20,81.25,69.39,203.04
United States,2023-03-21,81.26,69.39,203.06
United States,2023-03-22,81.26,69.39,203.07
United States,2023-03-23,81.26,69.4,203.09
United States,2023-03-24,81.27,69.4,203.11
United States,2023-03-25,81.27,69.4,203.12
United States,2023-03-26,81.27,69.4,203.12
United States,2023-03-27,81.27,69.4,203.14
United States,2023-03-28,81.28,69.41,203.16
United States,2023-03-29,81.28,69.41,203.18
United States,2023-03-30,81.28,69.41,203.19
United States,2023-03-31,81.29,69.41,203.21
United States,2023-04-01,81.29,69.41,203.22
United States,2023-04-02,81.29,69.41,203.22
United States,2023-04-03,81.29,69.42,203.24
United States,2023-04-04,81.3,69.42,203.25
United States,2023-04-05,81.3,69.42,203.27
United States,2023-04-06,81.31,69.42,203.28
United States,2023-04-07,81.31,69.42,203.3
United States,2023-04-08,81.31,69.43,203.3
United States,2023-04-09,81.31,69.43,203.3
United States,2023-04-10,81.31,69.43,203.32
United States,2023-04-11,81.32,69.43,203.33
United States,2023-04-12,81.32,69.43,203.35
United States,2023-04-13,81.32,69.43,203.36
United States,2023-04-14,81.33,69.44,203.38
United States,2023-04-15,81.33,69.44,203.38
United States,2023-04-16,81.33,69.44,203.39
United States,2023-04-17,81.33,69.44,203.4
United States,2023-04-18,81.34,69.44,203.41
United States,2023-04-19,81.34,69.44,203.43
United States,2023-04-20,81.34,69.44,203.44
United States,2023-04-21,81.35,69.45,203.47
United States,2023-04-22,81.35,69.45,203.48
United States,2023-04-23,81.35,69.45,203.49
United States,2023-04-24,81.35,69.45,203.51
United States,2023-04-25,81.35,69.45,203.54
United States,2023-04-26,81.36,69.45,203.57
United States,2023-04-27,81.36,69.45,203.59
United States,2023-04-28,81.36,69.46,203.62
United States,2023-04-29,81.37,69.46,203.63
United States,2023-04-30,81.37,69.46,203.64
United States,2023-05-01,81.37,69.46,203.67
United States,2023-05-02,81.38,69.46,203.7
United States,2023-05-03,81.38,69.46,203.73
United States,2023-05-04,81.38,69.46,203.76
United States,2023-05-05,81.39,69.46,203.79
United States,2023-05-06,81.39,69.47,203.8
United States,2023-05-07,81.39,69.47,203.81
United States,2023-05-08,81.39,69.47,203.82
United States,2023-05-09,81.39,69.47,203.83
United States,2023-05-10,,,
United States,2023-05-11,,,
United States,2023-05-12,,,
United States,2023-05-13,,,
United States,2023-05-14,,,
United States,2023-05-15,,,
United States,2023-05-16,,,
United States,2023-05-17,,,
United States,2023-05-18,,,
United States,2023-05-19,,,
United States,2023-05-20,,,
United States,2023-05-21,,,
United States,2023-05-22,,,
United States,2023-05-23,,,
United States,2023-05-24,,,
United States,2023-05-25,,,
United States,2023-05-26,,,
United States,2023-05-27,,,
United States,2023-05-28,,,
United States,2023-05-29,,,
United States,2023-05-30,,,
United States,2023-05-31,,,
United States,2023-06-01,,,
United States,2023-06-02,,,
United States,2023-06-03,,,
United States,2023-06-04,,,
United States,2023-06-05,,,
United States,2023-06-06,,,
United States,2023-06-07,,,
United States,2023-06-08,,,
United States,2023-06-09,,,
United States,2023-06-10,,,
United States,2023-06-11,,,
United States,2023-06-12,,,
United States,2023-06-13,,,
United States,2023-06-14,,,
United States,2023-06-15,,,
United States,2023-06-16,,,
United States,2023-06-17,,,
United States,2023-06-18,,,
United States,2023-06-19,,,
United States,2023-06-20,,,
United States,2023-06-21,,,
United States,2023-06-22,,,
United States,2023-06-23,,,
United States,2023-06-24,,,
United States,2023-06-25,,,
United States,2023-06-26,,,
United States,2023-06-27,,,
United States,2023-06-28,,,
United States,2023-06-29,,,
United States,2023-06-30,,,
United States,2023-07-01,,,
United States,2023-07-02,,,
United States,2023-07-03,,,
United States,2023-07-04,,,
United States,2023-07-05,,,
United States,2023-07-06,,,
United States,2023-07-07,,,
United States,2023-07-08,,,
United States,2023-07-09,,,
United States,2023-07-10,,,
United States,2023-07-11,,,
United States,2023-07-12,,,
United States,2023-07-13,,,
United States,2023-07-14,,,
United States,2023-07-15,,,
United States,2023-07-16,,,
United States,2023-07-17,,,
United States,2023-07-18,,,
United States,2023-07-19,,,
United States,2023-07-20,,,
United States,2023-07-21,,,
United States,2023-07-22,,,
United States,2023-07-23,,,
United States,2023-07-24,,,
United States,2023-07-25,,,
United States,2023-07-26,,,
United States,2023-07-27,,,
United States,2023-07-28,,,
United States,2023-07-29,,,
United States,2023-07-30,,,
United States,2023-07-31,,,
United States,2023-08-01,,,
United States,2023-08-02,,,
United States,2023-08-03,,,
United States,2023-08-04,,,
United States,2023-08-05,,,
United States,2023-08-06,,,
United States,2023-08-07,,,
United States,2023-08-08,,,
United States,2023-08-09,,,
United States,2023-08-10,,,
United States,2023-08-11,,,
United States,2023-08-12,,,
United States,2023-08-13,,,
United States,2023-08-14,,,
United States,2023-08-15,,,
United States,2023-08-16,,,
United States,2023-08-17,,,
United States,2023-08-18,,,
United States,2023-08-19,,,
United States,2023-08-20,,,
United States,2023-08-21,,,
United States,2023-08-22,,,
United States,2023-08-23,,,
United States,2023-08-24,,,
United States,2023-08-25,,,
United States,2023-08-26,,,
United States,2023-08-27,,,
United States,2023-08-28,,,
United States,2023-08-29,,,
United States,2023-08-30,,,
United States,2023-08-31,,,
United States,2023-09-01,,,
United States,2023-09-02,,,
United States,2023-09-03,,,
United States,2023-09-04,,,
United States,2023-09-05,,,
United States,2023-09-06,,,
United States,2023-09-07,,,
United States,2023-09-08,,,
United States,2023-09-09,,,
United States,2023-09-10,,,
United States,2023-09-11,,,
United States,2023-09-12,,,
United States,2023-09-13,,,
United States,2023-09-14,,,
United States,2023-09-15,,,
United States,2023-09-16,,,
United States,2023-09-17,,,
United States,2023-09-18,,,
United States,2023-09-19,,,
United States,2023-09-20,,,
United States,2023-09-21,,,
United States,2023-09-22,,,
United States,2023-09-23,,,
United States,2023-09-24,,,
United States,2023-09-25,,,
United States,2023-09-26,,,
United States,2023-09-27,,,
United States,2023-09-28,,,
United States,2023-09-29,,,
United States,2023-09-30,,,
United States,2023-10-01,,,
United States,2023-10-02,,,
United States,2023-10-03,,,
United States,2023-10-04,,,
United States,2023-10-05,,,
United States,2023-10-06,,,
United States,2023-10-07,,,
United States,2023-10-08,,,
United States,2023-10-09,,,
United States,2023-10-10,,,
United States,2023-10-11,,,
United States,2023-10-12,,,
United States,2023-10-13,,,
United States,2023-10-14,,,
United States,2023-10-15,,,
United States,2023-10-16,,,
United States,2023-10-17,,,
United States,2023-10-18,,,
